ClassName,AttackerName,ActiveTime
CommandPattern.Idle,1pPlayer,0.04
CommandPattern.Idle,2pPlayer,0.04
CommandPattern.Idle,1pPlayer,0.06
CommandPattern.Idle,2pPlayer,0.06
CommandPattern.Idle,1pPlayer,0.08
CommandPattern.Idle,2pPlayer,0.08
CommandPattern.Idle,1pPlayer,0.09999999
CommandPattern.Idle,2pPlayer,0.09999999
CommandPattern.Idle,1pPlayer,0.12
CommandPattern.Idle,2pPlayer,0.12
CommandPattern.Idle,1pPlayer,0.14
CommandPattern.Idle,2pPlayer,0.14
CommandPattern.Idle,1pPlayer,0.16
CommandPattern.Idle,2pPlayer,0.16
CommandPattern.Idle,1pPlayer,0.18
CommandPattern.Idle,2pPlayer,0.18
CommandPattern.Idle,1pPlayer,0.2
CommandPattern.Idle,2pPlayer,0.2
CommandPattern.Idle,1pPlayer,0.22
CommandPattern.Idle,2pPlayer,0.22
CommandPattern.Idle,1pPlayer,0.24
CommandPattern.Idle,2pPlayer,0.24
CommandPattern.Idle,1pPlayer,0.26
CommandPattern.Idle,2pPlayer,0.26
CommandPattern.Idle,1pPlayer,0.28
CommandPattern.Idle,2pPlayer,0.28
CommandPattern.Idle,1pPlayer,0.3
CommandPattern.Idle,2pPlayer,0.3
CommandPattern.Idle,1pPlayer,0.32
CommandPattern.Idle,2pPlayer,0.32
CommandPattern.Idle,1pPlayer,0.34
CommandPattern.Idle,2pPlayer,0.34
CommandPattern.Idle,1pPlayer,0.36
CommandPattern.Idle,2pPlayer,0.36
CommandPattern.Idle,1pPlayer,0.38
CommandPattern.Idle,2pPlayer,0.38
CommandPattern.Idle,1pPlayer,0.4
CommandPattern.Idle,2pPlayer,0.4
CommandPattern.Idle,1pPlayer,0.42
CommandPattern.Idle,2pPlayer,0.42
CommandPattern.Idle,1pPlayer,0.4400001
CommandPattern.Idle,2pPlayer,0.4400001
CommandPattern.Idle,1pPlayer,0.4600001
CommandPattern.Idle,2pPlayer,0.4600001
CommandPattern.Idle,1pPlayer,0.4800001
CommandPattern.Idle,2pPlayer,0.4800001
CommandPattern.Idle,1pPlayer,0.5000001
CommandPattern.Idle,2pPlayer,0.5000001
CommandPattern.Idle,1pPlayer,0.52
CommandPattern.Idle,2pPlayer,0.52
CommandPattern.Idle,1pPlayer,0.54
CommandPattern.Idle,2pPlayer,0.54
CommandPattern.Idle,1pPlayer,0.56
CommandPattern.Idle,2pPlayer,0.56
CommandPattern.Idle,1pPlayer,0.58
CommandPattern.Idle,2pPlayer,0.58
CommandPattern.Idle,1pPlayer,0.6
CommandPattern.Idle,2pPlayer,0.6
CommandPattern.Idle,1pPlayer,0.6199999
CommandPattern.Idle,2pPlayer,0.6199999
CommandPattern.Idle,1pPlayer,0.6399999
CommandPattern.Idle,2pPlayer,0.6399999
CommandPattern.Idle,1pPlayer,0.6599999
CommandPattern.Idle,2pPlayer,0.6599999
CommandPattern.Idle,1pPlayer,0.6799999
CommandPattern.Idle,2pPlayer,0.6799999
CommandPattern.Idle,1pPlayer,0.6999999
CommandPattern.Idle,2pPlayer,0.6999999
CommandPattern.Idle,1pPlayer,0.7199998
CommandPattern.Idle,2pPlayer,0.7199998
CommandPattern.Idle,1pPlayer,0.7399998
CommandPattern.Idle,2pPlayer,0.7399998
CommandPattern.Idle,1pPlayer,0.7599998
CommandPattern.Idle,2pPlayer,0.7599998
CommandPattern.Idle,1pPlayer,0.7799998
CommandPattern.Idle,2pPlayer,0.7799998
CommandPattern.Idle,1pPlayer,0.7999998
CommandPattern.Idle,2pPlayer,0.7999998
CommandPattern.Idle,1pPlayer,0.8199998
CommandPattern.Idle,2pPlayer,0.8199998
CommandPattern.Idle,1pPlayer,0.8399997
CommandPattern.Idle,2pPlayer,0.8399997
CommandPattern.Idle,1pPlayer,0.8599997
CommandPattern.Idle,2pPlayer,0.8599997
CommandPattern.Idle,1pPlayer,0.8799997
CommandPattern.Idle,2pPlayer,0.8799997
CommandPattern.Idle,1pPlayer,0.8999997
CommandPattern.Idle,2pPlayer,0.8999997
CommandPattern.Idle,1pPlayer,0.9199997
CommandPattern.Idle,2pPlayer,0.9199997
CommandPattern.Idle,1pPlayer,0.9399996
CommandPattern.Idle,2pPlayer,0.9399996
CommandPattern.Idle,1pPlayer,0.9599996
CommandPattern.Idle,2pPlayer,0.9599996
CommandPattern.Idle,1pPlayer,0.9799996
CommandPattern.Idle,2pPlayer,0.9799996
CommandPattern.Idle,1pPlayer,0.9999996
CommandPattern.Idle,2pPlayer,0.9999996
CommandPattern.Idle,1pPlayer,1.02
CommandPattern.Idle,2pPlayer,1.02
CommandPattern.Idle,1pPlayer,1.04
CommandPattern.Idle,2pPlayer,1.04
CommandPattern.Idle,1pPlayer,1.06
CommandPattern.Idle,2pPlayer,1.06
CommandPattern.Idle,1pPlayer,1.08
CommandPattern.Idle,2pPlayer,1.08
CommandPattern.Idle,1pPlayer,1.1
CommandPattern.Idle,2pPlayer,1.1
CommandPattern.Idle,1pPlayer,1.12
CommandPattern.Idle,2pPlayer,1.12
CommandPattern.Idle,1pPlayer,1.14
CommandPattern.Idle,2pPlayer,1.14
CommandPattern.ForwardWalk,1pPlayer,1.159999
CommandPattern.Idle,2pPlayer,1.159999
CommandPattern.ForwardWalk,1pPlayer,1.179999
CommandPattern.Idle,2pPlayer,1.179999
CommandPattern.ForwardWalk,1pPlayer,1.199999
CommandPattern.Idle,2pPlayer,1.199999
CommandPattern.ForwardWalk,1pPlayer,1.219999
CommandPattern.Idle,2pPlayer,1.219999
CommandPattern.ForwardWalk,1pPlayer,1.239999
CommandPattern.Idle,2pPlayer,1.239999
CommandPattern.Idle,1pPlayer,1.259999
CommandPattern.Idle,2pPlayer,1.259999
CommandPattern.Idle,1pPlayer,1.279999
CommandPattern.Idle,2pPlayer,1.279999
CommandPattern.Idle,1pPlayer,1.299999
CommandPattern.Idle,2pPlayer,1.299999
CommandPattern.Idle,1pPlayer,1.319999
CommandPattern.Idle,2pPlayer,1.319999
CommandPattern.ForwardDash,1pPlayer,1.339999
CommandPattern.Idle,2pPlayer,1.339999
CommandPattern.ForwardWalk,1pPlayer,1.359999
CommandPattern.Idle,2pPlayer,1.359999
CommandPattern.ForwardWalk,1pPlayer,1.379999
CommandPattern.Idle,2pPlayer,1.379999
CommandPattern.ForwardWalk,1pPlayer,1.399999
CommandPattern.Idle,2pPlayer,1.399999
CommandPattern.ForwardWalk,1pPlayer,1.419999
CommandPattern.Idle,2pPlayer,1.419999
CommandPattern.ForwardWalk,1pPlayer,1.439999
CommandPattern.Idle,2pPlayer,1.439999
CommandPattern.ForwardWalk,1pPlayer,1.459999
CommandPattern.Idle,2pPlayer,1.459999
CommandPattern.ForwardWalk,1pPlayer,1.479999
CommandPattern.Idle,2pPlayer,1.479999
CommandPattern.ForwardWalk,1pPlayer,1.499999
CommandPattern.Idle,2pPlayer,1.499999
CommandPattern.ForwardWalk,1pPlayer,1.519999
CommandPattern.Idle,2pPlayer,1.519999
CommandPattern.ForwardWalk,1pPlayer,1.539999
CommandPattern.Idle,2pPlayer,1.539999
CommandPattern.ForwardWalk,1pPlayer,1.559999
CommandPattern.Idle,2pPlayer,1.559999
CommandPattern.ForwardWalk,1pPlayer,1.579999
CommandPattern.Idle,2pPlayer,1.579999
CommandPattern.ForwardWalk,1pPlayer,1.599999
CommandPattern.Idle,2pPlayer,1.599999
CommandPattern.ForwardWalk,1pPlayer,1.619999
CommandPattern.Idle,2pPlayer,1.619999
CommandPattern.ForwardWalk,1pPlayer,1.639999
CommandPattern.Idle,2pPlayer,1.639999
CommandPattern.ForwardWalk,1pPlayer,1.659999
CommandPattern.Idle,2pPlayer,1.659999
CommandPattern.ForwardWalk,1pPlayer,1.679999
CommandPattern.Idle,2pPlayer,1.679999
CommandPattern.ForwardWalk,1pPlayer,1.699999
CommandPattern.Idle,2pPlayer,1.699999
CommandPattern.ForwardWalk,1pPlayer,1.719999
CommandPattern.Idle,2pPlayer,1.719999
CommandPattern.ForwardWalk,1pPlayer,1.739999
CommandPattern.Idle,2pPlayer,1.739999
CommandPattern.ForwardWalk,1pPlayer,1.759999
CommandPattern.Idle,2pPlayer,1.759999
CommandPattern.ForwardWalk,1pPlayer,1.779999
CommandPattern.Idle,2pPlayer,1.779999
CommandPattern.ForwardWalk,1pPlayer,1.799999
CommandPattern.Idle,2pPlayer,1.799999
CommandPattern.ForwardWalk,1pPlayer,1.819999
CommandPattern.Idle,2pPlayer,1.819999
CommandPattern.ForwardWalk,1pPlayer,1.839999
CommandPattern.Idle,2pPlayer,1.839999
CommandPattern.ForwardWalk,1pPlayer,1.859999
CommandPattern.Idle,2pPlayer,1.859999
CommandPattern.ForwardWalk,1pPlayer,1.879999
CommandPattern.Idle,2pPlayer,1.879999
CommandPattern.ForwardWalk,1pPlayer,1.899999
CommandPattern.Idle,2pPlayer,1.899999
CommandPattern.ForwardWalk,1pPlayer,1.919999
CommandPattern.Idle,2pPlayer,1.919999
CommandPattern.ForwardWalk,1pPlayer,1.939999
CommandPattern.Idle,2pPlayer,1.939999
CommandPattern.ForwardWalk,1pPlayer,1.959999
CommandPattern.Idle,2pPlayer,1.959999
CommandPattern.ForwardWalk,1pPlayer,1.979999
CommandPattern.Idle,2pPlayer,1.979999
CommandPattern.ForwardWalk,1pPlayer,1.999999
CommandPattern.Idle,2pPlayer,1.999999
CommandPattern.ForwardWalk,1pPlayer,2.019999
CommandPattern.Idle,2pPlayer,2.019999
CommandPattern.ForwardWalk,1pPlayer,2.039999
CommandPattern.Idle,2pPlayer,2.039999
CommandPattern.ForwardWalk,1pPlayer,2.059999
CommandPattern.Idle,2pPlayer,2.059999
CommandPattern.ForwardWalk,1pPlayer,2.079999
CommandPattern.Idle,2pPlayer,2.079999
CommandPattern.ForwardWalk,1pPlayer,2.099999
CommandPattern.Idle,2pPlayer,2.099999
CommandPattern.ForwardWalk,1pPlayer,2.119999
CommandPattern.Idle,2pPlayer,2.119999
CommandPattern.ForwardWalk,1pPlayer,2.139999
CommandPattern.Idle,2pPlayer,2.139999
CommandPattern.ForwardWalk,1pPlayer,2.159999
CommandPattern.Idle,2pPlayer,2.159999
CommandPattern.ForwardWalk,1pPlayer,2.179999
CommandPattern.Idle,2pPlayer,2.179999
CommandPattern.ForwardWalk,1pPlayer,2.199999
CommandPattern.Idle,2pPlayer,2.199999
CommandPattern.ForwardWalk,1pPlayer,2.219999
CommandPattern.Idle,2pPlayer,2.219999
CommandPattern.ForwardWalk,1pPlayer,2.239999
CommandPattern.Idle,2pPlayer,2.239999
CommandPattern.ForwardWalk,1pPlayer,2.259999
CommandPattern.Idle,2pPlayer,2.259999
CommandPattern.ForwardWalk,1pPlayer,2.279999
CommandPattern.Idle,2pPlayer,2.279999
CommandPattern.ForwardWalk,1pPlayer,2.299999
CommandPattern.Idle,2pPlayer,2.299999
CommandPattern.ForwardWalk,1pPlayer,2.319999
CommandPattern.Idle,2pPlayer,2.319999
CommandPattern.ForwardWalk,1pPlayer,2.339998
CommandPattern.Idle,2pPlayer,2.339998
CommandPattern.ForwardWalk,1pPlayer,2.359998
CommandPattern.Idle,2pPlayer,2.359998
CommandPattern.ForwardWalk,1pPlayer,2.379998
CommandPattern.Idle,2pPlayer,2.379998
CommandPattern.ForwardWalk,1pPlayer,2.399998
CommandPattern.Idle,2pPlayer,2.399998
CommandPattern.ForwardWalk,1pPlayer,2.419998
CommandPattern.Idle,2pPlayer,2.419998
CommandPattern.ForwardWalk,1pPlayer,2.439998
CommandPattern.Idle,2pPlayer,2.439998
CommandPattern.ForwardWalk,1pPlayer,2.459998
CommandPattern.Idle,2pPlayer,2.459998
CommandPattern.ForwardWalk,1pPlayer,2.479998
CommandPattern.Idle,2pPlayer,2.479998
CommandPattern.ForwardWalk,1pPlayer,2.499998
CommandPattern.Idle,2pPlayer,2.499998
CommandPattern.ForwardWalk,1pPlayer,2.519998
CommandPattern.Idle,2pPlayer,2.519998
CommandPattern.ForwardWalk,1pPlayer,2.539998
CommandPattern.Idle,2pPlayer,2.539998
CommandPattern.ForwardWalk,1pPlayer,2.559998
CommandPattern.Idle,2pPlayer,2.559998
CommandPattern.ForwardWalk,1pPlayer,2.579998
CommandPattern.Idle,2pPlayer,2.579998
CommandPattern.ForwardWalk,1pPlayer,2.599998
CommandPattern.Idle,2pPlayer,2.599998
CommandPattern.ForwardWalk,1pPlayer,2.619998
CommandPattern.Idle,2pPlayer,2.619998
CommandPattern.Idle,1pPlayer,2.639998
CommandPattern.Idle,2pPlayer,2.639998
CommandPattern.Idle,1pPlayer,2.659998
CommandPattern.Idle,2pPlayer,2.659998
CommandPattern.Idle,1pPlayer,2.679998
CommandPattern.Idle,2pPlayer,2.679998
CommandPattern.Idle,1pPlayer,2.699998
CommandPattern.Idle,2pPlayer,2.699998
CommandPattern.Idle,1pPlayer,2.719998
CommandPattern.Idle,2pPlayer,2.719998
CommandPattern.Idle,1pPlayer,2.739998
CommandPattern.Idle,2pPlayer,2.739998
CommandPattern.Idle,1pPlayer,2.759998
CommandPattern.Idle,2pPlayer,2.759998
CommandPattern.Idle,1pPlayer,2.779998
CommandPattern.Idle,2pPlayer,2.779998
CommandPattern.Idle,1pPlayer,2.799998
CommandPattern.Idle,2pPlayer,2.799998
CommandPattern.Idle,1pPlayer,2.819998
CommandPattern.Idle,2pPlayer,2.819998
CommandPattern.Idle,1pPlayer,2.839998
CommandPattern.Idle,2pPlayer,2.839998
CommandPattern.Idle,1pPlayer,2.859998
CommandPattern.Idle,2pPlayer,2.859998
CommandPattern.ForwardWalk,1pPlayer,2.879998
CommandPattern.Idle,2pPlayer,2.879998
CommandPattern.ForwardWalk,1pPlayer,2.899998
CommandPattern.Idle,2pPlayer,2.899998
CommandPattern.ForwardWalk,1pPlayer,2.919998
CommandPattern.Idle,2pPlayer,2.919998
CommandPattern.ForwardWalk,1pPlayer,2.939998
CommandPattern.Idle,2pPlayer,2.939998
CommandPattern.ForwardWalk,1pPlayer,2.959998
CommandPattern.Idle,2pPlayer,2.959998
CommandPattern.Idle,1pPlayer,2.979998
CommandPattern.Idle,2pPlayer,2.979998
CommandPattern.Idle,1pPlayer,2.999998
CommandPattern.Idle,2pPlayer,2.999998
CommandPattern.ForwardDash,1pPlayer,3.019998
CommandPattern.Idle,2pPlayer,3.019998
CommandPattern.ForwardWalk,1pPlayer,3.039998
CommandPattern.Idle,2pPlayer,3.039998
CommandPattern.ForwardWalk,1pPlayer,3.059998
CommandPattern.Idle,2pPlayer,3.059998
CommandPattern.ForwardWalk,1pPlayer,3.079998
CommandPattern.Idle,2pPlayer,3.079998
CommandPattern.ForwardWalk,1pPlayer,3.099998
CommandPattern.Idle,2pPlayer,3.099998
CommandPattern.ForwardWalk,1pPlayer,3.119998
CommandPattern.Idle,2pPlayer,3.119998
CommandPattern.ForwardWalk,1pPlayer,3.139998
CommandPattern.Idle,2pPlayer,3.139998
CommandPattern.ForwardWalk,1pPlayer,3.159998
CommandPattern.Idle,2pPlayer,3.159998
CommandPattern.ForwardWalk,1pPlayer,3.179998
CommandPattern.Idle,2pPlayer,3.179998
CommandPattern.ForwardWalk,1pPlayer,3.199998
CommandPattern.Idle,2pPlayer,3.199998
CommandPattern.ForwardWalk,1pPlayer,3.219998
CommandPattern.Idle,2pPlayer,3.219998
CommandPattern.ForwardWalk,1pPlayer,3.239998
CommandPattern.Idle,2pPlayer,3.239998
CommandPattern.ForwardWalk,1pPlayer,3.259998
CommandPattern.Idle,2pPlayer,3.259998
CommandPattern.ForwardWalk,1pPlayer,3.279998
CommandPattern.Idle,2pPlayer,3.279998
CommandPattern.ForwardWalk,1pPlayer,3.299998
CommandPattern.Idle,2pPlayer,3.299998
CommandPattern.ForwardWalk,1pPlayer,3.319998
CommandPattern.Idle,2pPlayer,3.319998
CommandPattern.ForwardWalk,1pPlayer,3.339998
CommandPattern.Idle,2pPlayer,3.339998
CommandPattern.ForwardWalk,1pPlayer,3.359998
CommandPattern.Idle,2pPlayer,3.359998
CommandPattern.ForwardWalk,1pPlayer,3.379997
CommandPattern.Idle,2pPlayer,3.379997
CommandPattern.ForwardWalk,1pPlayer,3.399997
CommandPattern.Idle,2pPlayer,3.399997
CommandPattern.ForwardWalk,1pPlayer,3.419997
CommandPattern.Idle,2pPlayer,3.419997
CommandPattern.RightMiddleStraightKick,1pPlayer,3.439997
CommandPattern.Idle,2pPlayer,3.439997
CommandPattern.ForwardWalk,1pPlayer,3.459997
CommandPattern.Idle,2pPlayer,3.459997
CommandPattern.ForwardWalk,1pPlayer,3.479997
CommandPattern.Idle,2pPlayer,3.479997
CommandPattern.ForwardWalk,1pPlayer,3.499997
CommandPattern.Idle,2pPlayer,3.499997
CommandPattern.ForwardWalk,1pPlayer,3.519997
CommandPattern.Idle,2pPlayer,3.519997
CommandPattern.ForwardWalk,1pPlayer,3.539997
CommandPattern.Idle,2pPlayer,3.539997
CommandPattern.ForwardWalk,1pPlayer,3.559997
CommandPattern.Idle,2pPlayer,3.559997
CommandPattern.ForwardWalk,1pPlayer,3.579997
CommandPattern.Idle,2pPlayer,3.579997
CommandPattern.ForwardWalk,1pPlayer,3.599997
CommandPattern.Idle,2pPlayer,3.599997
CommandPattern.ForwardWalk,1pPlayer,3.619997
CommandPattern.Idle,2pPlayer,3.619997
CommandPattern.ForwardWalk,1pPlayer,3.639997
CommandPattern.Idle,2pPlayer,3.639997
CommandPattern.ForwardWalk,1pPlayer,3.659997
CommandPattern.Idle,2pPlayer,3.659997
CommandPattern.ForwardWalk,1pPlayer,3.679997
CommandPattern.Idle,2pPlayer,3.679997
CommandPattern.ForwardWalk,1pPlayer,3.699997
CommandPattern.Idle,2pPlayer,3.699997
CommandPattern.ForwardWalk,1pPlayer,3.719997
CommandPattern.Idle,2pPlayer,3.719997
CommandPattern.ForwardWalk,1pPlayer,3.739997
CommandPattern.Idle,2pPlayer,3.739997
CommandPattern.ForwardWalk,1pPlayer,3.759997
CommandPattern.Idle,2pPlayer,3.759997
CommandPattern.ForwardWalk,1pPlayer,3.779997
CommandPattern.Idle,2pPlayer,3.779997
CommandPattern.ForwardWalk,1pPlayer,3.799997
CommandPattern.Idle,2pPlayer,3.799997
CommandPattern.ForwardWalk,1pPlayer,3.819997
CommandPattern.Idle,2pPlayer,3.819997
CommandPattern.ForwardWalk,1pPlayer,3.839997
CommandPattern.Idle,2pPlayer,3.839997
CommandPattern.ForwardWalk,1pPlayer,3.859997
CommandPattern.Idle,2pPlayer,3.859997
CommandPattern.RightHighKick,1pPlayer,3.879997
CommandPattern.Idle,2pPlayer,3.879997
CommandPattern.ForwardWalk,1pPlayer,3.899997
CommandPattern.Idle,2pPlayer,3.899997
CommandPattern.ForwardWalk,1pPlayer,3.919997
CommandPattern.Idle,2pPlayer,3.919997
CommandPattern.ForwardWalk,1pPlayer,3.939997
CommandPattern.Idle,2pPlayer,3.939997
CommandPattern.ForwardWalk,1pPlayer,3.959997
CommandPattern.Idle,2pPlayer,3.959997
CommandPattern.ForwardWalk,1pPlayer,3.979997
CommandPattern.Idle,2pPlayer,3.979997
CommandPattern.ForwardWalk,1pPlayer,3.999997
CommandPattern.Idle,2pPlayer,3.999997
CommandPattern.ForwardWalk,1pPlayer,4.019997
CommandPattern.Idle,2pPlayer,4.019997
CommandPattern.ForwardWalk,1pPlayer,4.039997
CommandPattern.Idle,2pPlayer,4.039997
CommandPattern.Idle,1pPlayer,4.059997
CommandPattern.Idle,2pPlayer,4.059997
CommandPattern.Idle,1pPlayer,4.079997
CommandPattern.Idle,2pPlayer,4.079997
CommandPattern.Idle,1pPlayer,4.099997
CommandPattern.Idle,2pPlayer,4.099997
CommandPattern.Idle,1pPlayer,4.119997
CommandPattern.Idle,2pPlayer,4.119997
CommandPattern.Idle,1pPlayer,4.139997
CommandPattern.Idle,2pPlayer,4.139997
CommandPattern.Idle,1pPlayer,4.159997
CommandPattern.Idle,2pPlayer,4.159997
CommandPattern.Idle,1pPlayer,4.179997
CommandPattern.Idle,2pPlayer,4.179997
CommandPattern.Idle,1pPlayer,4.199997
CommandPattern.Idle,2pPlayer,4.199997
CommandPattern.Idle,1pPlayer,4.219997
CommandPattern.Idle,2pPlayer,4.219997
CommandPattern.Idle,1pPlayer,4.239997
CommandPattern.Idle,2pPlayer,4.239997
CommandPattern.Idle,1pPlayer,4.259997
CommandPattern.Idle,2pPlayer,4.259997
CommandPattern.Idle,1pPlayer,4.279997
CommandPattern.Idle,2pPlayer,4.279997
CommandPattern.Idle,1pPlayer,4.299997
CommandPattern.Idle,2pPlayer,4.299997
CommandPattern.Idle,1pPlayer,4.319997
CommandPattern.Idle,2pPlayer,4.319997
CommandPattern.Idle,1pPlayer,4.339997
CommandPattern.Idle,2pPlayer,4.339997
CommandPattern.Idle,1pPlayer,4.359997
CommandPattern.Idle,2pPlayer,4.359997
CommandPattern.Idle,1pPlayer,4.379997
CommandPattern.Idle,2pPlayer,4.379997
CommandPattern.Idle,1pPlayer,4.399997
CommandPattern.Idle,2pPlayer,4.399997
CommandPattern.Idle,1pPlayer,4.419997
CommandPattern.Idle,2pPlayer,4.419997
CommandPattern.Idle,1pPlayer,4.439997
CommandPattern.Idle,2pPlayer,4.439997
CommandPattern.Idle,1pPlayer,4.459997
CommandPattern.Idle,2pPlayer,4.459997
CommandPattern.Idle,1pPlayer,4.479997
CommandPattern.Idle,2pPlayer,4.479997
CommandPattern.Idle,1pPlayer,4.499997
CommandPattern.Idle,2pPlayer,4.499997
CommandPattern.Idle,1pPlayer,4.519997
CommandPattern.Idle,2pPlayer,4.519997
CommandPattern.Idle,1pPlayer,4.539997
CommandPattern.Idle,2pPlayer,4.539997
CommandPattern.Idle,1pPlayer,4.559997
CommandPattern.Idle,2pPlayer,4.559997
CommandPattern.Idle,1pPlayer,4.579997
CommandPattern.Idle,2pPlayer,4.579997
CommandPattern.Idle,1pPlayer,4.599997
CommandPattern.Idle,2pPlayer,4.599997
CommandPattern.Idle,1pPlayer,4.619997
CommandPattern.Idle,2pPlayer,4.619997
CommandPattern.Idle,1pPlayer,4.639997
CommandPattern.Idle,2pPlayer,4.639997
CommandPattern.Idle,1pPlayer,4.659997
CommandPattern.Idle,2pPlayer,4.659997
CommandPattern.Idle,1pPlayer,4.679996
CommandPattern.Idle,2pPlayer,4.679996
CommandPattern.Idle,1pPlayer,4.699996
CommandPattern.Idle,2pPlayer,4.699996
CommandPattern.Idle,1pPlayer,4.719996
CommandPattern.Idle,2pPlayer,4.719996
CommandPattern.Idle,1pPlayer,4.739996
CommandPattern.Idle,2pPlayer,4.739996
CommandPattern.Idle,1pPlayer,4.759996
CommandPattern.Idle,2pPlayer,4.759996
CommandPattern.Idle,1pPlayer,4.779996
CommandPattern.Idle,2pPlayer,4.779996
CommandPattern.Idle,1pPlayer,4.799996
CommandPattern.Idle,2pPlayer,4.799996
CommandPattern.Idle,1pPlayer,4.819996
CommandPattern.Idle,2pPlayer,4.819996
CommandPattern.Idle,1pPlayer,4.839996
CommandPattern.Idle,2pPlayer,4.839996
CommandPattern.Idle,1pPlayer,4.859996
CommandPattern.Idle,2pPlayer,4.859996
CommandPattern.Idle,1pPlayer,4.879996
CommandPattern.Idle,2pPlayer,4.879996
CommandPattern.Idle,1pPlayer,4.899996
CommandPattern.Idle,2pPlayer,4.899996
CommandPattern.Idle,1pPlayer,4.919996
CommandPattern.Idle,2pPlayer,4.919996
CommandPattern.Idle,1pPlayer,4.939996
CommandPattern.Idle,2pPlayer,4.939996
CommandPattern.Idle,1pPlayer,4.959996
CommandPattern.Idle,2pPlayer,4.959996
CommandPattern.Idle,1pPlayer,4.979996
CommandPattern.Idle,2pPlayer,4.979996
CommandPattern.Idle,1pPlayer,4.999996
CommandPattern.Idle,2pPlayer,4.999996
CommandPattern.Idle,1pPlayer,5.019996
CommandPattern.Idle,2pPlayer,5.019996
CommandPattern.BackwardWalk,1pPlayer,5.039996
CommandPattern.Idle,2pPlayer,5.039996
CommandPattern.BackwardWalk,1pPlayer,5.059996
CommandPattern.Idle,2pPlayer,5.059996
CommandPattern.BackwardWalk,1pPlayer,5.079996
CommandPattern.Idle,2pPlayer,5.079996
CommandPattern.RightBackRP,1pPlayer,5.099996
CommandPattern.Idle,2pPlayer,5.099996
CommandPattern.BackwardWalk,1pPlayer,5.119996
CommandPattern.Idle,2pPlayer,5.119996
CommandPattern.BackwardWalk,1pPlayer,5.139996
CommandPattern.Idle,2pPlayer,5.139996
CommandPattern.BackwardWalk,1pPlayer,5.159996
CommandPattern.Idle,2pPlayer,5.159996
CommandPattern.BackwardWalk,1pPlayer,5.179996
CommandPattern.Idle,2pPlayer,5.179996
CommandPattern.BackwardWalk,1pPlayer,5.199996
CommandPattern.Idle,2pPlayer,5.199996
CommandPattern.BackwardWalk,1pPlayer,5.219996
CommandPattern.Idle,2pPlayer,5.219996
CommandPattern.BackwardWalk,1pPlayer,5.239996
CommandPattern.Idle,2pPlayer,5.239996
CommandPattern.BackwardWalk,1pPlayer,5.259996
CommandPattern.Idle,2pPlayer,5.259996
CommandPattern.BackwardWalk,1pPlayer,5.279996
CommandPattern.Idle,2pPlayer,5.279996
CommandPattern.BackwardWalk,1pPlayer,5.299996
CommandPattern.Idle,2pPlayer,5.299996
CommandPattern.BackwardWalk,1pPlayer,5.319996
CommandPattern.Idle,2pPlayer,5.319996
CommandPattern.BackwardWalk,1pPlayer,5.339996
CommandPattern.Idle,2pPlayer,5.339996
CommandPattern.BackwardWalk,1pPlayer,5.359996
CommandPattern.Idle,2pPlayer,5.359996
CommandPattern.BackwardWalk,1pPlayer,5.379996
CommandPattern.Idle,2pPlayer,5.379996
CommandPattern.BackwardWalk,1pPlayer,5.399996
CommandPattern.Idle,2pPlayer,5.399996
CommandPattern.BackwardWalk,1pPlayer,5.419996
CommandPattern.Idle,2pPlayer,5.419996
CommandPattern.BackwardWalk,1pPlayer,5.439996
CommandPattern.Idle,2pPlayer,5.439996
CommandPattern.BackwardWalk,1pPlayer,5.459996
CommandPattern.Idle,2pPlayer,5.459996
CommandPattern.BackwardWalk,1pPlayer,5.479996
CommandPattern.Idle,2pPlayer,5.479996
CommandPattern.BackwardWalk,1pPlayer,5.499996
CommandPattern.Idle,2pPlayer,5.499996
CommandPattern.BackwardWalk,1pPlayer,5.519996
CommandPattern.Idle,2pPlayer,5.519996
CommandPattern.BackwardWalk,1pPlayer,5.539996
CommandPattern.Idle,2pPlayer,5.539996
CommandPattern.BackwardWalk,1pPlayer,5.559996
CommandPattern.Idle,2pPlayer,5.559996
CommandPattern.BackwardWalk,1pPlayer,5.579996
CommandPattern.Idle,2pPlayer,5.579996
CommandPattern.BackwardWalk,1pPlayer,5.599996
CommandPattern.Idle,2pPlayer,5.599996
CommandPattern.BackwardWalk,1pPlayer,5.619996
CommandPattern.Idle,2pPlayer,5.619996
CommandPattern.BackwardWalk,1pPlayer,5.639996
CommandPattern.Idle,2pPlayer,5.639996
CommandPattern.BackwardWalk,1pPlayer,5.659996
CommandPattern.Idle,2pPlayer,5.659996
CommandPattern.BackwardWalk,1pPlayer,5.679996
CommandPattern.Idle,2pPlayer,5.679996
CommandPattern.BackwardWalk,1pPlayer,5.699996
CommandPattern.Idle,2pPlayer,5.699996
CommandPattern.BackwardWalk,1pPlayer,5.719995
CommandPattern.Idle,2pPlayer,5.719995
CommandPattern.BackwardWalk,1pPlayer,5.739995
CommandPattern.Idle,2pPlayer,5.739995
CommandPattern.BackwardWalk,1pPlayer,5.759995
CommandPattern.Idle,2pPlayer,5.759995
CommandPattern.BackwardWalk,1pPlayer,5.779995
CommandPattern.Idle,2pPlayer,5.779995
CommandPattern.BackwardWalk,1pPlayer,5.799995
CommandPattern.Idle,2pPlayer,5.799995
CommandPattern.BackwardWalk,1pPlayer,5.819995
CommandPattern.Idle,2pPlayer,5.819995
CommandPattern.BackwardWalk,1pPlayer,5.839995
CommandPattern.Idle,2pPlayer,5.839995
CommandPattern.Idle,1pPlayer,5.859995
CommandPattern.Idle,2pPlayer,5.859995
CommandPattern.Idle,1pPlayer,5.879995
CommandPattern.Idle,2pPlayer,5.879995
CommandPattern.Idle,1pPlayer,5.899995
CommandPattern.Idle,2pPlayer,5.899995
CommandPattern.Idle,1pPlayer,5.919995
CommandPattern.Idle,2pPlayer,5.919995
CommandPattern.Idle,1pPlayer,5.939995
CommandPattern.Idle,2pPlayer,5.939995
CommandPattern.Idle,1pPlayer,5.959995
CommandPattern.Idle,2pPlayer,5.959995
CommandPattern.Idle,1pPlayer,5.979995
CommandPattern.Idle,2pPlayer,5.979995
CommandPattern.Idle,1pPlayer,5.999995
CommandPattern.Idle,2pPlayer,5.999995
CommandPattern.Idle,1pPlayer,6.019995
CommandPattern.Idle,2pPlayer,6.019995
CommandPattern.Idle,1pPlayer,6.039995
CommandPattern.Idle,2pPlayer,6.039995
CommandPattern.Idle,1pPlayer,6.059995
CommandPattern.Idle,2pPlayer,6.059995
CommandPattern.Idle,1pPlayer,6.079995
CommandPattern.Idle,2pPlayer,6.079995
CommandPattern.Idle,1pPlayer,6.099995
CommandPattern.Idle,2pPlayer,6.099995
CommandPattern.Idle,1pPlayer,6.119995
CommandPattern.Idle,2pPlayer,6.119995
CommandPattern.Idle,1pPlayer,6.139995
CommandPattern.Idle,2pPlayer,6.139995
CommandPattern.Idle,1pPlayer,6.159995
CommandPattern.Idle,2pPlayer,6.159995
CommandPattern.Idle,1pPlayer,6.179995
CommandPattern.Idle,2pPlayer,6.179995
CommandPattern.Idle,1pPlayer,6.199995
CommandPattern.Idle,2pPlayer,6.199995
CommandPattern.Idle,1pPlayer,6.219995
CommandPattern.Idle,2pPlayer,6.219995
CommandPattern.Idle,1pPlayer,6.239995
CommandPattern.Idle,2pPlayer,6.239995
CommandPattern.Idle,1pPlayer,6.259995
CommandPattern.Idle,2pPlayer,6.259995
CommandPattern.Idle,1pPlayer,6.279995
CommandPattern.Idle,2pPlayer,6.279995
CommandPattern.Idle,1pPlayer,6.299995
CommandPattern.Idle,2pPlayer,6.299995
CommandPattern.BackwardWalk,1pPlayer,6.319995
CommandPattern.Idle,2pPlayer,6.319995
CommandPattern.BackwardWalk,1pPlayer,6.339995
CommandPattern.Idle,2pPlayer,6.339995
CommandPattern.BackwardWalk,1pPlayer,6.359995
CommandPattern.Idle,2pPlayer,6.359995
CommandPattern.BackwardWalk,1pPlayer,6.379995
CommandPattern.Idle,2pPlayer,6.379995
CommandPattern.BackwardWalk,1pPlayer,6.399995
CommandPattern.Idle,2pPlayer,6.399995
CommandPattern.BackwardWalk,1pPlayer,6.419995
CommandPattern.Idle,2pPlayer,6.419995
CommandPattern.BackwardWalk,1pPlayer,6.439995
CommandPattern.Idle,2pPlayer,6.439995
CommandPattern.BackwardWalk,1pPlayer,6.459995
CommandPattern.Idle,2pPlayer,6.459995
CommandPattern.BackwardWalk,1pPlayer,6.479995
CommandPattern.Idle,2pPlayer,6.479995
CommandPattern.BackwardWalk,1pPlayer,6.499995
CommandPattern.Idle,2pPlayer,6.499995
CommandPattern.BackwardWalk,1pPlayer,6.519995
CommandPattern.Idle,2pPlayer,6.519995
CommandPattern.BackwardWalk,1pPlayer,6.539995
CommandPattern.Idle,2pPlayer,6.539995
CommandPattern.BackwardWalk,1pPlayer,6.559995
CommandPattern.Idle,2pPlayer,6.559995
CommandPattern.BackwardWalk,1pPlayer,6.579995
CommandPattern.Idle,2pPlayer,6.579995
CommandPattern.BackwardWalk,1pPlayer,6.599995
CommandPattern.Idle,2pPlayer,6.599995
CommandPattern.BackwardWalk,1pPlayer,6.619995
CommandPattern.Idle,2pPlayer,6.619995
CommandPattern.BackwardWalk,1pPlayer,6.639995
CommandPattern.Idle,2pPlayer,6.639995
CommandPattern.BackwardWalk,1pPlayer,6.659995
CommandPattern.Idle,2pPlayer,6.659995
CommandPattern.BackwardWalk,1pPlayer,6.679995
CommandPattern.Idle,2pPlayer,6.679995
CommandPattern.BackwardWalk,1pPlayer,6.699995
CommandPattern.Idle,2pPlayer,6.699995
CommandPattern.BackwardWalk,1pPlayer,6.719995
CommandPattern.Idle,2pPlayer,6.719995
CommandPattern.BackwardWalk,1pPlayer,6.739995
CommandPattern.Idle,2pPlayer,6.739995
CommandPattern.BackwardWalk,1pPlayer,6.759995
CommandPattern.Idle,2pPlayer,6.759995
CommandPattern.BackwardWalk,1pPlayer,6.779994
CommandPattern.Idle,2pPlayer,6.779994
CommandPattern.BackwardWalk,1pPlayer,6.799994
CommandPattern.Idle,2pPlayer,6.799994
CommandPattern.BackwardWalk,1pPlayer,6.819994
CommandPattern.Idle,2pPlayer,6.819994
CommandPattern.Idle,1pPlayer,6.839994
CommandPattern.Idle,2pPlayer,6.839994
CommandPattern.Idle,1pPlayer,6.859994
CommandPattern.Idle,2pPlayer,6.859994
CommandPattern.ForwardWalk,1pPlayer,6.879994
CommandPattern.Idle,2pPlayer,6.879994
CommandPattern.ForwardWalk,1pPlayer,6.899994
CommandPattern.Idle,2pPlayer,6.899994
CommandPattern.ForwardWalk,1pPlayer,6.919994
CommandPattern.Idle,2pPlayer,6.919994
CommandPattern.ForwardWalk,1pPlayer,6.939994
CommandPattern.Idle,2pPlayer,6.939994
CommandPattern.ForwardWalk,1pPlayer,6.959994
CommandPattern.Idle,2pPlayer,6.959994
CommandPattern.ForwardWalk,1pPlayer,6.979994
CommandPattern.Idle,2pPlayer,6.979994
CommandPattern.ForwardWalk,1pPlayer,6.999994
CommandPattern.Idle,2pPlayer,6.999994
CommandPattern.ForwardWalk,1pPlayer,7.019994
CommandPattern.Idle,2pPlayer,7.019994
CommandPattern.ForwardWalk,1pPlayer,7.039994
CommandPattern.Idle,2pPlayer,7.039994
CommandPattern.ForwardWalk,1pPlayer,7.059994
CommandPattern.Idle,2pPlayer,7.059994
CommandPattern.ForwardWalk,1pPlayer,7.079994
CommandPattern.Idle,2pPlayer,7.079994
CommandPattern.ForwardWalk,1pPlayer,7.099994
CommandPattern.Idle,2pPlayer,7.099994
CommandPattern.ForwardWalk,1pPlayer,7.119994
CommandPattern.Idle,2pPlayer,7.119994
CommandPattern.ForwardWalk,1pPlayer,7.139994
CommandPattern.Idle,2pPlayer,7.139994
CommandPattern.ForwardWalk,1pPlayer,7.159994
CommandPattern.Idle,2pPlayer,7.159994
CommandPattern.ForwardWalk,1pPlayer,7.179994
CommandPattern.Idle,2pPlayer,7.179994
CommandPattern.ForwardWalk,1pPlayer,7.199994
CommandPattern.Idle,2pPlayer,7.199994
CommandPattern.ForwardWalk,1pPlayer,7.219994
CommandPattern.Idle,2pPlayer,7.219994
CommandPattern.ForwardWalk,1pPlayer,7.239994
CommandPattern.Idle,2pPlayer,7.239994
CommandPattern.ForwardWalk,1pPlayer,7.259994
CommandPattern.Idle,2pPlayer,7.259994
CommandPattern.ForwardWalk,1pPlayer,7.279994
CommandPattern.Idle,2pPlayer,7.279994
CommandPattern.ForwardWalk,1pPlayer,7.299994
CommandPattern.Idle,2pPlayer,7.299994
CommandPattern.ForwardWalk,1pPlayer,7.319994
CommandPattern.Idle,2pPlayer,7.319994
CommandPattern.ForwardWalk,1pPlayer,7.339994
CommandPattern.Idle,2pPlayer,7.339994
CommandPattern.ForwardWalk,1pPlayer,7.359994
CommandPattern.Idle,2pPlayer,7.359994
CommandPattern.ForwardWalk,1pPlayer,7.379994
CommandPattern.Idle,2pPlayer,7.379994
CommandPattern.ForwardWalk,1pPlayer,7.399994
CommandPattern.Idle,2pPlayer,7.399994
CommandPattern.ForwardWalk,1pPlayer,7.419994
CommandPattern.Idle,2pPlayer,7.419994
CommandPattern.ForwardWalk,1pPlayer,7.439994
CommandPattern.Idle,2pPlayer,7.439994
CommandPattern.Idle,1pPlayer,7.459994
CommandPattern.Idle,2pPlayer,7.459994
CommandPattern.Idle,1pPlayer,7.479994
CommandPattern.Idle,2pPlayer,7.479994
CommandPattern.Idle,1pPlayer,7.499994
CommandPattern.Idle,2pPlayer,7.499994
CommandPattern.Idle,1pPlayer,7.519994
CommandPattern.Idle,2pPlayer,7.519994
CommandPattern.Idle,1pPlayer,7.539994
CommandPattern.Idle,2pPlayer,7.539994
CommandPattern.Idle,1pPlayer,7.559994
CommandPattern.Idle,2pPlayer,7.559994
CommandPattern.Idle,1pPlayer,7.579994
CommandPattern.Idle,2pPlayer,7.579994
CommandPattern.Idle,1pPlayer,7.599994
CommandPattern.Idle,2pPlayer,7.599994
CommandPattern.Idle,1pPlayer,7.619994
CommandPattern.Idle,2pPlayer,7.619994
CommandPattern.Idle,1pPlayer,7.639994
CommandPattern.Idle,2pPlayer,7.639994
CommandPattern.Crouch,1pPlayer,7.659994
CommandPattern.Idle,2pPlayer,7.659994
CommandPattern.Crouch,1pPlayer,7.679994
CommandPattern.Idle,2pPlayer,7.679994
CommandPattern.Crouch,1pPlayer,7.699994
CommandPattern.Idle,2pPlayer,7.699994
CommandPattern.Crouch,1pPlayer,7.719994
CommandPattern.Idle,2pPlayer,7.719994
CommandPattern.Crouch,1pPlayer,7.739994
CommandPattern.Idle,2pPlayer,7.739994
CommandPattern.Crouch,1pPlayer,7.759994
CommandPattern.Idle,2pPlayer,7.759994
CommandPattern.Crouch,1pPlayer,7.779994
CommandPattern.Idle,2pPlayer,7.779994
CommandPattern.Crouch,1pPlayer,7.799994
CommandPattern.Idle,2pPlayer,7.799994
CommandPattern.Crouch,1pPlayer,7.819993
CommandPattern.Idle,2pPlayer,7.819993
CommandPattern.Crouch,1pPlayer,7.839993
CommandPattern.Idle,2pPlayer,7.839993
CommandPattern.Crouch,1pPlayer,7.859993
CommandPattern.Idle,2pPlayer,7.859993
CommandPattern.Crouch,1pPlayer,7.879993
CommandPattern.Idle,2pPlayer,7.879993
CommandPattern.Crouch,1pPlayer,7.899993
CommandPattern.Idle,2pPlayer,7.899993
CommandPattern.Crouch,1pPlayer,7.919993
CommandPattern.Idle,2pPlayer,7.919993
CommandPattern.Crouch,1pPlayer,7.939993
CommandPattern.Idle,2pPlayer,7.939993
CommandPattern.Crouch,1pPlayer,7.959993
CommandPattern.Idle,2pPlayer,7.959993
CommandPattern.Crouch,1pPlayer,7.979993
CommandPattern.Idle,2pPlayer,7.979993
CommandPattern.RightLowKick,1pPlayer,7.999993
CommandPattern.Idle,2pPlayer,7.999993
CommandPattern.Crouch,1pPlayer,8.019994
CommandPattern.Idle,2pPlayer,8.019994
CommandPattern.Crouch,1pPlayer,8.039994
CommandPattern.Idle,2pPlayer,8.039994
CommandPattern.Crouch,1pPlayer,8.059995
CommandPattern.Idle,2pPlayer,8.059995
CommandPattern.Crouch,1pPlayer,8.079995
CommandPattern.Idle,2pPlayer,8.079995
CommandPattern.Crouch,1pPlayer,8.099996
CommandPattern.Idle,2pPlayer,8.099996
CommandPattern.Crouch,1pPlayer,8.119996
CommandPattern.Idle,2pPlayer,8.119996
CommandPattern.Crouch,1pPlayer,8.139997
CommandPattern.Idle,2pPlayer,8.139997
CommandPattern.Idle,1pPlayer,8.159997
CommandPattern.Idle,2pPlayer,8.159997
CommandPattern.Idle,1pPlayer,8.179997
CommandPattern.Idle,2pPlayer,8.179997
CommandPattern.Idle,1pPlayer,8.199998
CommandPattern.Idle,2pPlayer,8.199998
CommandPattern.Idle,1pPlayer,8.219998
CommandPattern.Idle,2pPlayer,8.219998
CommandPattern.Idle,1pPlayer,8.239999
CommandPattern.Idle,2pPlayer,8.239999
CommandPattern.Idle,1pPlayer,8.259999
CommandPattern.Idle,2pPlayer,8.259999
CommandPattern.Idle,1pPlayer,8.28
CommandPattern.Idle,2pPlayer,8.28
CommandPattern.Idle,1pPlayer,8.3
CommandPattern.Idle,2pPlayer,8.3
CommandPattern.Idle,1pPlayer,8.320001
CommandPattern.Idle,2pPlayer,8.320001
CommandPattern.Idle,1pPlayer,8.340001
CommandPattern.Idle,2pPlayer,8.340001
CommandPattern.Idle,1pPlayer,8.360002
CommandPattern.Idle,2pPlayer,8.360002
CommandPattern.Idle,1pPlayer,8.380002
CommandPattern.Idle,2pPlayer,8.380002
CommandPattern.Idle,1pPlayer,8.400002
CommandPattern.Idle,2pPlayer,8.400002
CommandPattern.Idle,1pPlayer,8.420003
CommandPattern.Idle,2pPlayer,8.420003
CommandPattern.Idle,1pPlayer,8.440003
CommandPattern.Idle,2pPlayer,8.440003
CommandPattern.Idle,1pPlayer,8.460004
CommandPattern.Idle,2pPlayer,8.460004
CommandPattern.Idle,1pPlayer,8.480004
CommandPattern.Idle,2pPlayer,8.480004
CommandPattern.Idle,1pPlayer,8.500005
CommandPattern.Idle,2pPlayer,8.500005
CommandPattern.Idle,1pPlayer,8.520005
CommandPattern.Idle,2pPlayer,8.520005
CommandPattern.Idle,1pPlayer,8.540006
CommandPattern.Idle,2pPlayer,8.540006
CommandPattern.Idle,1pPlayer,8.560006
CommandPattern.Idle,2pPlayer,8.560006
CommandPattern.Idle,1pPlayer,8.580007
CommandPattern.Idle,2pPlayer,8.580007
CommandPattern.Idle,1pPlayer,8.600007
CommandPattern.Idle,2pPlayer,8.600007
CommandPattern.Idle,1pPlayer,8.620008
CommandPattern.Idle,2pPlayer,8.620008
CommandPattern.Idle,1pPlayer,8.640008
CommandPattern.Idle,2pPlayer,8.640008
CommandPattern.Idle,1pPlayer,8.660008
CommandPattern.Idle,2pPlayer,8.660008
CommandPattern.Idle,1pPlayer,8.680009
CommandPattern.Idle,2pPlayer,8.680009
CommandPattern.Idle,1pPlayer,8.700009
CommandPattern.Idle,2pPlayer,8.700009
CommandPattern.Idle,1pPlayer,8.72001
CommandPattern.Idle,2pPlayer,8.72001
CommandPattern.Idle,1pPlayer,8.74001
CommandPattern.Idle,2pPlayer,8.74001
CommandPattern.Idle,1pPlayer,8.760011
CommandPattern.Idle,2pPlayer,8.760011
CommandPattern.Idle,1pPlayer,8.780011
CommandPattern.Idle,2pPlayer,8.780011
CommandPattern.Idle,1pPlayer,8.800012
CommandPattern.Idle,2pPlayer,8.800012
CommandPattern.Idle,1pPlayer,8.820012
CommandPattern.Idle,2pPlayer,8.820012
CommandPattern.Idle,1pPlayer,8.840013
CommandPattern.Idle,2pPlayer,8.840013
CommandPattern.Idle,1pPlayer,8.860013
CommandPattern.Idle,2pPlayer,8.860013
CommandPattern.Idle,1pPlayer,8.880013
CommandPattern.Idle,2pPlayer,8.880013
CommandPattern.Idle,1pPlayer,8.900014
CommandPattern.Idle,2pPlayer,8.900014
CommandPattern.Idle,1pPlayer,8.920014
CommandPattern.Idle,2pPlayer,8.920014
CommandPattern.Idle,1pPlayer,8.940015
CommandPattern.Idle,2pPlayer,8.940015
CommandPattern.Idle,1pPlayer,8.960015
CommandPattern.Idle,2pPlayer,8.960015
CommandPattern.Idle,1pPlayer,8.980016
CommandPattern.Idle,2pPlayer,8.980016
CommandPattern.Idle,1pPlayer,9.000016
CommandPattern.Idle,2pPlayer,9.000016
CommandPattern.Idle,1pPlayer,9.020017
CommandPattern.Idle,2pPlayer,9.020017
CommandPattern.Idle,1pPlayer,9.040017
CommandPattern.Idle,2pPlayer,9.040017
CommandPattern.Idle,1pPlayer,9.060018
CommandPattern.Idle,2pPlayer,9.060018
CommandPattern.Idle,1pPlayer,9.080018
CommandPattern.Idle,2pPlayer,9.080018
CommandPattern.Idle,1pPlayer,9.100019
CommandPattern.Idle,2pPlayer,9.100019
CommandPattern.Idle,1pPlayer,9.120019
CommandPattern.Idle,2pPlayer,9.120019
CommandPattern.Idle,1pPlayer,9.140019
CommandPattern.Idle,2pPlayer,9.140019
CommandPattern.Idle,1pPlayer,9.16002
CommandPattern.Idle,2pPlayer,9.16002
CommandPattern.Idle,1pPlayer,9.18002
CommandPattern.Idle,2pPlayer,9.18002
CommandPattern.Idle,1pPlayer,9.200021
CommandPattern.Idle,2pPlayer,9.200021
CommandPattern.Idle,1pPlayer,9.220021
CommandPattern.Idle,2pPlayer,9.220021
CommandPattern.Idle,1pPlayer,9.240022
CommandPattern.Idle,2pPlayer,9.240022
CommandPattern.Idle,1pPlayer,9.260022
CommandPattern.Idle,2pPlayer,9.260022
CommandPattern.Idle,1pPlayer,9.280023
CommandPattern.Idle,2pPlayer,9.280023
CommandPattern.Idle,1pPlayer,9.300023
CommandPattern.Idle,2pPlayer,9.300023
CommandPattern.Idle,1pPlayer,9.320024
CommandPattern.Idle,2pPlayer,9.320024
CommandPattern.Idle,1pPlayer,9.340024
CommandPattern.Idle,2pPlayer,9.340024
CommandPattern.Idle,1pPlayer,9.360024
CommandPattern.Idle,2pPlayer,9.360024
CommandPattern.Idle,1pPlayer,9.380025
CommandPattern.Idle,2pPlayer,9.380025
CommandPattern.Idle,1pPlayer,9.400025
CommandPattern.Idle,2pPlayer,9.400025
CommandPattern.Idle,1pPlayer,9.420026
CommandPattern.Idle,2pPlayer,9.420026
CommandPattern.Idle,1pPlayer,9.440026
CommandPattern.Idle,2pPlayer,9.440026
CommandPattern.Idle,1pPlayer,9.460027
CommandPattern.Idle,2pPlayer,9.460027
CommandPattern.Idle,1pPlayer,9.480027
CommandPattern.Idle,2pPlayer,9.480027
CommandPattern.Idle,1pPlayer,9.500028
CommandPattern.Idle,2pPlayer,9.500028
CommandPattern.Idle,1pPlayer,9.520028
CommandPattern.Idle,2pPlayer,9.520028
CommandPattern.Idle,1pPlayer,9.540029
CommandPattern.Idle,2pPlayer,9.540029
CommandPattern.Idle,1pPlayer,9.560029
CommandPattern.Idle,2pPlayer,9.560029
CommandPattern.Idle,1pPlayer,9.580029
CommandPattern.Idle,2pPlayer,9.580029
CommandPattern.Idle,1pPlayer,9.60003
CommandPattern.Idle,2pPlayer,9.60003
CommandPattern.Idle,1pPlayer,9.62003
CommandPattern.Idle,2pPlayer,9.62003
CommandPattern.Idle,1pPlayer,9.640031
CommandPattern.Idle,2pPlayer,9.640031
CommandPattern.Idle,1pPlayer,9.660031
CommandPattern.Idle,2pPlayer,9.660031
CommandPattern.Idle,1pPlayer,9.680032
CommandPattern.Idle,2pPlayer,9.680032
CommandPattern.Idle,1pPlayer,9.700032
CommandPattern.Idle,2pPlayer,9.700032
CommandPattern.Idle,1pPlayer,9.720033
CommandPattern.Idle,2pPlayer,9.720033
CommandPattern.Idle,1pPlayer,9.740033
CommandPattern.Idle,2pPlayer,9.740033
CommandPattern.Idle,1pPlayer,9.760034
CommandPattern.Idle,2pPlayer,9.760034
CommandPattern.Idle,1pPlayer,9.780034
CommandPattern.Idle,2pPlayer,9.780034
CommandPattern.Idle,1pPlayer,9.800035
CommandPattern.Idle,2pPlayer,9.800035
CommandPattern.Idle,1pPlayer,9.820035
CommandPattern.Idle,2pPlayer,9.820035
CommandPattern.Idle,1pPlayer,9.840035
CommandPattern.Idle,2pPlayer,9.840035
CommandPattern.Idle,1pPlayer,9.860036
CommandPattern.Idle,2pPlayer,9.860036
CommandPattern.Idle,1pPlayer,9.880036
CommandPattern.Idle,2pPlayer,9.880036
CommandPattern.Idle,1pPlayer,9.900037
CommandPattern.Idle,2pPlayer,9.900037
CommandPattern.Idle,1pPlayer,9.920037
CommandPattern.Idle,2pPlayer,9.920037
CommandPattern.Idle,1pPlayer,9.940038
CommandPattern.Idle,2pPlayer,9.940038
CommandPattern.LeftMiddleKick,1pPlayer,9.960038
CommandPattern.Idle,2pPlayer,9.960038
CommandPattern.Idle,1pPlayer,9.980039
CommandPattern.Idle,2pPlayer,9.980039
CommandPattern.Idle,1pPlayer,10.00004
CommandPattern.Idle,2pPlayer,10.00004
CommandPattern.Idle,1pPlayer,10.02004
CommandPattern.Idle,2pPlayer,10.02004
CommandPattern.Idle,1pPlayer,10.04004
CommandPattern.Idle,2pPlayer,10.04004
CommandPattern.Idle,1pPlayer,10.06004
CommandPattern.Idle,2pPlayer,10.06004
CommandPattern.Idle,1pPlayer,10.08004
CommandPattern.Idle,2pPlayer,10.08004
CommandPattern.Idle,1pPlayer,10.10004
CommandPattern.Idle,2pPlayer,10.10004
CommandPattern.Idle,1pPlayer,10.12004
CommandPattern.Idle,2pPlayer,10.12004
CommandPattern.Idle,1pPlayer,10.14004
CommandPattern.Idle,2pPlayer,10.14004
CommandPattern.Idle,1pPlayer,10.16004
CommandPattern.Idle,2pPlayer,10.16004
CommandPattern.Idle,1pPlayer,10.18004
CommandPattern.Idle,2pPlayer,10.18004
CommandPattern.Idle,1pPlayer,10.20004
CommandPattern.Idle,2pPlayer,10.20004
CommandPattern.Idle,1pPlayer,10.22004
CommandPattern.Idle,2pPlayer,10.22004
CommandPattern.Idle,1pPlayer,10.24004
CommandPattern.Idle,2pPlayer,10.24004
CommandPattern.Idle,1pPlayer,10.26005
CommandPattern.Idle,2pPlayer,10.26005
CommandPattern.Idle,1pPlayer,10.28005
CommandPattern.Idle,2pPlayer,10.28005
CommandPattern.Idle,1pPlayer,10.30005
CommandPattern.Idle,2pPlayer,10.30005
CommandPattern.Idle,1pPlayer,10.32005
CommandPattern.Idle,2pPlayer,10.32005
CommandPattern.Idle,1pPlayer,10.34005
CommandPattern.Idle,2pPlayer,10.34005
CommandPattern.Idle,1pPlayer,10.36005
CommandPattern.Idle,2pPlayer,10.36005
CommandPattern.Idle,1pPlayer,10.38005
CommandPattern.Idle,2pPlayer,10.38005
CommandPattern.Idle,1pPlayer,10.40005
CommandPattern.Idle,2pPlayer,10.40005
CommandPattern.Idle,1pPlayer,10.42005
CommandPattern.Idle,2pPlayer,10.42005
CommandPattern.Idle,1pPlayer,10.44005
CommandPattern.Idle,2pPlayer,10.44005
CommandPattern.Idle,1pPlayer,10.46005
CommandPattern.Idle,2pPlayer,10.46005
CommandPattern.Idle,1pPlayer,10.48005
CommandPattern.Idle,2pPlayer,10.48005
CommandPattern.Idle,1pPlayer,10.50005
CommandPattern.Idle,2pPlayer,10.50005
CommandPattern.Idle,1pPlayer,10.52005
CommandPattern.Idle,2pPlayer,10.52005
CommandPattern.Idle,1pPlayer,10.54005
CommandPattern.Idle,2pPlayer,10.54005
CommandPattern.Idle,1pPlayer,10.56005
CommandPattern.Idle,2pPlayer,10.56005
CommandPattern.Idle,1pPlayer,10.58005
CommandPattern.Idle,2pPlayer,10.58005
CommandPattern.Idle,1pPlayer,10.60005
CommandPattern.Idle,2pPlayer,10.60005
CommandPattern.Idle,1pPlayer,10.62005
CommandPattern.Idle,2pPlayer,10.62005
CommandPattern.Idle,1pPlayer,10.64005
CommandPattern.Idle,2pPlayer,10.64005
CommandPattern.Idle,1pPlayer,10.66005
CommandPattern.Idle,2pPlayer,10.66005
CommandPattern.Idle,1pPlayer,10.68005
CommandPattern.Idle,2pPlayer,10.68005
CommandPattern.Idle,1pPlayer,10.70006
CommandPattern.Idle,2pPlayer,10.70006
CommandPattern.Idle,1pPlayer,10.72006
CommandPattern.Idle,2pPlayer,10.72006
CommandPattern.Idle,1pPlayer,10.74006
CommandPattern.Idle,2pPlayer,10.74006
CommandPattern.Idle,1pPlayer,10.76006
CommandPattern.Idle,2pPlayer,10.76006
CommandPattern.Idle,1pPlayer,10.78006
CommandPattern.Idle,2pPlayer,10.78006
CommandPattern.Idle,1pPlayer,10.80006
CommandPattern.Idle,2pPlayer,10.80006
CommandPattern.Idle,1pPlayer,10.82006
CommandPattern.Idle,2pPlayer,10.82006
CommandPattern.Idle,1pPlayer,10.84006
CommandPattern.Idle,2pPlayer,10.84006
CommandPattern.Idle,1pPlayer,10.86006
CommandPattern.Idle,2pPlayer,10.86006
CommandPattern.Idle,1pPlayer,10.88006
CommandPattern.Idle,2pPlayer,10.88006
CommandPattern.Idle,1pPlayer,10.90006
CommandPattern.Idle,2pPlayer,10.90006
CommandPattern.Idle,1pPlayer,10.92006
CommandPattern.Idle,2pPlayer,10.92006
CommandPattern.Idle,1pPlayer,10.94006
CommandPattern.Idle,2pPlayer,10.94006
CommandPattern.Idle,1pPlayer,10.96006
CommandPattern.Idle,2pPlayer,10.96006
CommandPattern.Idle,1pPlayer,10.98006
CommandPattern.Idle,2pPlayer,10.98006
CommandPattern.Idle,1pPlayer,11.00006
CommandPattern.Idle,2pPlayer,11.00006
CommandPattern.Idle,1pPlayer,11.02006
CommandPattern.Idle,2pPlayer,11.02006
CommandPattern.Idle,1pPlayer,11.04006
CommandPattern.Idle,2pPlayer,11.04006
CommandPattern.Idle,1pPlayer,11.06006
CommandPattern.Idle,2pPlayer,11.06006
CommandPattern.Idle,1pPlayer,11.08006
CommandPattern.Idle,2pPlayer,11.08006
CommandPattern.Idle,1pPlayer,11.10006
CommandPattern.Idle,2pPlayer,11.10006
CommandPattern.Idle,1pPlayer,11.12006
CommandPattern.Idle,2pPlayer,11.12006
CommandPattern.Idle,1pPlayer,11.14007
CommandPattern.Idle,2pPlayer,11.14007
CommandPattern.Idle,1pPlayer,11.16007
CommandPattern.Idle,2pPlayer,11.16007
CommandPattern.Idle,1pPlayer,11.18007
CommandPattern.Idle,2pPlayer,11.18007
CommandPattern.Idle,1pPlayer,11.20007
CommandPattern.Idle,2pPlayer,11.20007
CommandPattern.Idle,1pPlayer,11.22007
CommandPattern.Idle,2pPlayer,11.22007
CommandPattern.Idle,1pPlayer,11.24007
CommandPattern.Idle,2pPlayer,11.24007
CommandPattern.Idle,1pPlayer,11.26007
CommandPattern.Idle,2pPlayer,11.26007
CommandPattern.Idle,1pPlayer,11.28007
CommandPattern.Idle,2pPlayer,11.28007
CommandPattern.Idle,1pPlayer,11.30007
CommandPattern.Idle,2pPlayer,11.30007
CommandPattern.Idle,1pPlayer,11.32007
CommandPattern.Idle,2pPlayer,11.32007
CommandPattern.Idle,1pPlayer,11.34007
CommandPattern.Idle,2pPlayer,11.34007
CommandPattern.Idle,1pPlayer,11.36007
CommandPattern.Idle,2pPlayer,11.36007
CommandPattern.Idle,1pPlayer,11.38007
CommandPattern.Idle,2pPlayer,11.38007
CommandPattern.Idle,1pPlayer,11.40007
CommandPattern.Idle,2pPlayer,11.40007
CommandPattern.Idle,1pPlayer,11.42007
CommandPattern.Idle,2pPlayer,11.42007
CommandPattern.Idle,1pPlayer,11.44007
CommandPattern.Idle,2pPlayer,11.44007
CommandPattern.Idle,1pPlayer,11.46007
CommandPattern.Idle,2pPlayer,11.46007
CommandPattern.Idle,1pPlayer,11.48007
CommandPattern.Idle,2pPlayer,11.48007
CommandPattern.Idle,1pPlayer,11.50007
CommandPattern.Idle,2pPlayer,11.50007
CommandPattern.Idle,1pPlayer,11.52007
CommandPattern.Idle,2pPlayer,11.52007
CommandPattern.Idle,1pPlayer,11.54007
CommandPattern.Idle,2pPlayer,11.54007
CommandPattern.Idle,1pPlayer,11.56007
CommandPattern.Idle,2pPlayer,11.56007
CommandPattern.Idle,1pPlayer,11.58008
CommandPattern.Idle,2pPlayer,11.58008
CommandPattern.Idle,1pPlayer,11.60008
CommandPattern.Idle,2pPlayer,11.60008
CommandPattern.Idle,1pPlayer,11.62008
CommandPattern.Idle,2pPlayer,11.62008
CommandPattern.Idle,1pPlayer,11.64008
CommandPattern.Idle,2pPlayer,11.64008
CommandPattern.Idle,1pPlayer,11.66008
CommandPattern.Idle,2pPlayer,11.66008
CommandPattern.Idle,1pPlayer,11.68008
CommandPattern.Idle,2pPlayer,11.68008
CommandPattern.Idle,1pPlayer,11.70008
CommandPattern.Idle,2pPlayer,11.70008
CommandPattern.ForwardWalk,1pPlayer,11.72008
CommandPattern.Idle,2pPlayer,11.72008
CommandPattern.ForwardWalk,1pPlayer,11.74008
CommandPattern.Idle,2pPlayer,11.74008
CommandPattern.ForwardWalk,1pPlayer,11.76008
CommandPattern.Idle,2pPlayer,11.76008
CommandPattern.ForwardWalk,1pPlayer,11.78008
CommandPattern.Idle,2pPlayer,11.78008
CommandPattern.ForwardWalk,1pPlayer,11.80008
CommandPattern.Idle,2pPlayer,11.80008
CommandPattern.ForwardWalk,1pPlayer,11.82008
CommandPattern.Idle,2pPlayer,11.82008
CommandPattern.Idle,1pPlayer,11.84008
CommandPattern.Idle,2pPlayer,11.84008
CommandPattern.Idle,1pPlayer,11.86008
CommandPattern.Idle,2pPlayer,11.86008
CommandPattern.Idle,1pPlayer,11.88008
CommandPattern.Idle,2pPlayer,11.88008
CommandPattern.ForwardDash,1pPlayer,11.90008
CommandPattern.Idle,2pPlayer,11.90008
CommandPattern.ForwardWalk,1pPlayer,11.92008
CommandPattern.Idle,2pPlayer,11.92008
CommandPattern.ForwardWalk,1pPlayer,11.94008
CommandPattern.Idle,2pPlayer,11.94008
CommandPattern.ForwardWalk,1pPlayer,11.96008
CommandPattern.Idle,2pPlayer,11.96008
CommandPattern.ForwardWalk,1pPlayer,11.98008
CommandPattern.Idle,2pPlayer,11.98008
CommandPattern.ForwardWalk,1pPlayer,12.00008
CommandPattern.Idle,2pPlayer,12.00008
CommandPattern.ForwardWalk,1pPlayer,12.02009
CommandPattern.Idle,2pPlayer,12.02009
CommandPattern.ForwardWalk,1pPlayer,12.04009
CommandPattern.Idle,2pPlayer,12.04009
CommandPattern.Idle,1pPlayer,12.06009
CommandPattern.Idle,2pPlayer,12.06009
CommandPattern.Idle,1pPlayer,12.08009
CommandPattern.Idle,2pPlayer,12.08009
CommandPattern.Idle,1pPlayer,12.10009
CommandPattern.Idle,2pPlayer,12.10009
CommandPattern.Idle,1pPlayer,12.12009
CommandPattern.Idle,2pPlayer,12.12009
CommandPattern.Idle,1pPlayer,12.14009
CommandPattern.Idle,2pPlayer,12.14009
CommandPattern.Idle,1pPlayer,12.16009
CommandPattern.Idle,2pPlayer,12.16009
CommandPattern.Idle,1pPlayer,12.18009
CommandPattern.Idle,2pPlayer,12.18009
CommandPattern.Idle,1pPlayer,12.20009
CommandPattern.Idle,2pPlayer,12.20009
CommandPattern.Idle,1pPlayer,12.22009
CommandPattern.Idle,2pPlayer,12.22009
CommandPattern.Idle,1pPlayer,12.24009
CommandPattern.Idle,2pPlayer,12.24009
CommandPattern.Idle,1pPlayer,12.26009
CommandPattern.Idle,2pPlayer,12.26009
CommandPattern.Idle,1pPlayer,12.28009
CommandPattern.Idle,2pPlayer,12.28009
CommandPattern.Idle,1pPlayer,12.30009
CommandPattern.Idle,2pPlayer,12.30009
CommandPattern.Idle,1pPlayer,12.32009
CommandPattern.Idle,2pPlayer,12.32009
CommandPattern.Idle,1pPlayer,12.34009
CommandPattern.Idle,2pPlayer,12.34009
CommandPattern.Idle,1pPlayer,12.36009
CommandPattern.Idle,2pPlayer,12.36009
CommandPattern.Idle,1pPlayer,12.38009
CommandPattern.Idle,2pPlayer,12.38009
CommandPattern.Idle,1pPlayer,12.40009
CommandPattern.Idle,2pPlayer,12.40009
CommandPattern.Idle,1pPlayer,12.42009
CommandPattern.Idle,2pPlayer,12.42009
CommandPattern.Idle,1pPlayer,12.44009
CommandPattern.Idle,2pPlayer,12.44009
CommandPattern.Idle,1pPlayer,12.4601
CommandPattern.Idle,2pPlayer,12.4601
CommandPattern.Idle,1pPlayer,12.4801
CommandPattern.Idle,2pPlayer,12.4801
CommandPattern.Idle,1pPlayer,12.5001
CommandPattern.Idle,2pPlayer,12.5001
CommandPattern.Idle,1pPlayer,12.5201
CommandPattern.Idle,2pPlayer,12.5201
CommandPattern.Idle,1pPlayer,12.5401
CommandPattern.Idle,2pPlayer,12.5401
CommandPattern.Idle,1pPlayer,12.5601
CommandPattern.Idle,2pPlayer,12.5601
CommandPattern.Idle,1pPlayer,12.5801
CommandPattern.Idle,2pPlayer,12.5801
CommandPattern.Idle,1pPlayer,12.6001
CommandPattern.Idle,2pPlayer,12.6001
CommandPattern.Idle,1pPlayer,12.6201
CommandPattern.Idle,2pPlayer,12.6201
CommandPattern.Idle,1pPlayer,12.6401
CommandPattern.Idle,2pPlayer,12.6401
CommandPattern.Idle,1pPlayer,12.6601
CommandPattern.Idle,2pPlayer,12.6601
CommandPattern.Idle,1pPlayer,12.6801
CommandPattern.Idle,2pPlayer,12.6801
CommandPattern.Idle,1pPlayer,12.7001
CommandPattern.Idle,2pPlayer,12.7001
CommandPattern.Idle,1pPlayer,12.7201
CommandPattern.Idle,2pPlayer,12.7201
CommandPattern.Idle,1pPlayer,12.7401
CommandPattern.Idle,2pPlayer,12.7401
CommandPattern.Idle,1pPlayer,12.7601
CommandPattern.Idle,2pPlayer,12.7601
CommandPattern.Idle,1pPlayer,12.7801
CommandPattern.Idle,2pPlayer,12.7801
CommandPattern.Idle,1pPlayer,12.8001
CommandPattern.Idle,2pPlayer,12.8001
CommandPattern.Idle,1pPlayer,12.8201
CommandPattern.Idle,2pPlayer,12.8201
CommandPattern.Idle,1pPlayer,12.8401
CommandPattern.Idle,2pPlayer,12.8401
CommandPattern.Idle,1pPlayer,12.8601
CommandPattern.Idle,2pPlayer,12.8601
CommandPattern.Idle,1pPlayer,12.88011
CommandPattern.Idle,2pPlayer,12.88011
CommandPattern.Idle,1pPlayer,12.90011
CommandPattern.Idle,2pPlayer,12.90011
CommandPattern.Idle,1pPlayer,12.92011
CommandPattern.Idle,2pPlayer,12.92011
CommandPattern.Idle,1pPlayer,12.94011
CommandPattern.Idle,2pPlayer,12.94011
CommandPattern.Idle,1pPlayer,12.96011
CommandPattern.Idle,2pPlayer,12.96011
CommandPattern.Idle,1pPlayer,12.98011
CommandPattern.Idle,2pPlayer,12.98011
CommandPattern.Idle,1pPlayer,13.00011
CommandPattern.Idle,2pPlayer,13.00011
CommandPattern.Idle,1pPlayer,13.02011
CommandPattern.Idle,2pPlayer,13.02011
CommandPattern.Crouch,1pPlayer,13.04011
CommandPattern.Idle,2pPlayer,13.04011
CommandPattern.Crouch,1pPlayer,13.06011
CommandPattern.Idle,2pPlayer,13.06011
CommandPattern.Crouch,1pPlayer,13.08011
CommandPattern.Idle,2pPlayer,13.08011
CommandPattern.Crouch,1pPlayer,13.10011
CommandPattern.Idle,2pPlayer,13.10011
CommandPattern.Crouch,1pPlayer,13.12011
CommandPattern.Idle,2pPlayer,13.12011
CommandPattern.Crouch,1pPlayer,13.14011
CommandPattern.Idle,2pPlayer,13.14011
CommandPattern.Crouch,1pPlayer,13.16011
CommandPattern.Idle,2pPlayer,13.16011
CommandPattern.Crouch,1pPlayer,13.18011
CommandPattern.Idle,2pPlayer,13.18011
CommandPattern.Crouch,1pPlayer,13.20011
CommandPattern.Idle,2pPlayer,13.20011
CommandPattern.Crouch,1pPlayer,13.22011
CommandPattern.Idle,2pPlayer,13.22011
CommandPattern.Crouch,1pPlayer,13.24011
CommandPattern.Idle,2pPlayer,13.24011
CommandPattern.Crouch,1pPlayer,13.26011
CommandPattern.Idle,2pPlayer,13.26011
CommandPattern.Crouch,1pPlayer,13.28011
CommandPattern.Idle,2pPlayer,13.28011
CommandPattern.Crouch,1pPlayer,13.30011
CommandPattern.Idle,2pPlayer,13.30011
CommandPattern.Crouch,1pPlayer,13.32012
CommandPattern.Idle,2pPlayer,13.32012
CommandPattern.Crouch,1pPlayer,13.34012
CommandPattern.Idle,2pPlayer,13.34012
CommandPattern.Crouch,1pPlayer,13.36012
CommandPattern.Idle,2pPlayer,13.36012
CommandPattern.Crouch,1pPlayer,13.38012
CommandPattern.Idle,2pPlayer,13.38012
CommandPattern.Crouch,1pPlayer,13.40012
CommandPattern.Idle,2pPlayer,13.40012
CommandPattern.Crouch,1pPlayer,13.42012
CommandPattern.Idle,2pPlayer,13.42012
CommandPattern.Crouch,1pPlayer,13.44012
CommandPattern.Idle,2pPlayer,13.44012
CommandPattern.Crouch,1pPlayer,13.46012
CommandPattern.Idle,2pPlayer,13.46012
CommandPattern.Crouch,1pPlayer,13.48012
CommandPattern.Idle,2pPlayer,13.48012
CommandPattern.Crouch,1pPlayer,13.50012
CommandPattern.Idle,2pPlayer,13.50012
CommandPattern.Crouch,1pPlayer,13.52012
CommandPattern.Idle,2pPlayer,13.52012
CommandPattern.Crouch,1pPlayer,13.54012
CommandPattern.Idle,2pPlayer,13.54012
CommandPattern.Crouch,1pPlayer,13.56012
CommandPattern.Idle,2pPlayer,13.56012
CommandPattern.Crouch,1pPlayer,13.58012
CommandPattern.Idle,2pPlayer,13.58012
CommandPattern.CrouchForwardWalk,1pPlayer,13.60012
CommandPattern.Idle,2pPlayer,13.60012
CommandPattern.CrouchForwardWalk,1pPlayer,13.62012
CommandPattern.Idle,2pPlayer,13.62012
CommandPattern.CrouchForwardWalk,1pPlayer,13.64012
CommandPattern.Idle,2pPlayer,13.64012
CommandPattern.CrouchForwardWalk,1pPlayer,13.66012
CommandPattern.Idle,2pPlayer,13.66012
CommandPattern.CrouchForwardWalk,1pPlayer,13.68012
CommandPattern.Idle,2pPlayer,13.68012
CommandPattern.CrouchForwardWalk,1pPlayer,13.70012
CommandPattern.Idle,2pPlayer,13.70012
CommandPattern.CrouchForwardWalk,1pPlayer,13.72012
CommandPattern.Idle,2pPlayer,13.72012
CommandPattern.CrouchForwardWalk,1pPlayer,13.74012
CommandPattern.Idle,2pPlayer,13.74012
CommandPattern.CrouchForwardWalk,1pPlayer,13.76013
CommandPattern.Idle,2pPlayer,13.76013
CommandPattern.CrouchForwardWalk,1pPlayer,13.78013
CommandPattern.Idle,2pPlayer,13.78013
CommandPattern.CrouchForwardWalk,1pPlayer,13.80013
CommandPattern.Idle,2pPlayer,13.80013
CommandPattern.CrouchForwardWalk,1pPlayer,13.82013
CommandPattern.Idle,2pPlayer,13.82013
CommandPattern.CrouchForwardWalk,1pPlayer,13.84013
CommandPattern.Idle,2pPlayer,13.84013
CommandPattern.CrouchForwardWalk,1pPlayer,13.86013
CommandPattern.Idle,2pPlayer,13.86013
CommandPattern.RightLowKickCrouchRound,1pPlayer,13.88013
CommandPattern.Idle,2pPlayer,13.88013
CommandPattern.CrouchForwardWalk,1pPlayer,13.90013
CommandPattern.Idle,2pPlayer,13.90013
CommandPattern.CrouchForwardWalk,1pPlayer,13.92013
CommandPattern.Idle,2pPlayer,13.92013
CommandPattern.CrouchForwardWalk,1pPlayer,13.94013
CommandPattern.Idle,2pPlayer,13.94013
CommandPattern.CrouchForwardWalk,1pPlayer,13.96013
CommandPattern.Idle,2pPlayer,13.96013
CommandPattern.CrouchForwardWalk,1pPlayer,13.98013
CommandPattern.Idle,2pPlayer,13.98013
CommandPattern.CrouchForwardWalk,1pPlayer,14.00013
CommandPattern.Idle,2pPlayer,14.00013
CommandPattern.CrouchForwardWalk,1pPlayer,14.02013
CommandPattern.Idle,2pPlayer,14.02013
CommandPattern.CrouchForwardWalk,1pPlayer,14.04013
CommandPattern.Idle,2pPlayer,14.04013
CommandPattern.CrouchForwardWalk,1pPlayer,14.06013
CommandPattern.Idle,2pPlayer,14.06013
CommandPattern.CrouchForwardWalk,1pPlayer,14.08013
CommandPattern.Idle,2pPlayer,14.08013
CommandPattern.CrouchForwardWalk,1pPlayer,14.10013
CommandPattern.Idle,2pPlayer,14.10013
CommandPattern.CrouchForwardWalk,1pPlayer,14.12013
CommandPattern.Idle,2pPlayer,14.12013
CommandPattern.CrouchForwardWalk,1pPlayer,14.14013
CommandPattern.Idle,2pPlayer,14.14013
CommandPattern.CrouchForwardWalk,1pPlayer,14.16013
CommandPattern.Idle,2pPlayer,14.16013
CommandPattern.RightLowKickCrouchRound,1pPlayer,14.18013
CommandPattern.Idle,2pPlayer,14.18013
CommandPattern.CrouchForwardWalk,1pPlayer,14.20014
CommandPattern.Idle,2pPlayer,14.20014
CommandPattern.CrouchForwardWalk,1pPlayer,14.22014
CommandPattern.Idle,2pPlayer,14.22014
CommandPattern.CrouchForwardWalk,1pPlayer,14.24014
CommandPattern.Idle,2pPlayer,14.24014
CommandPattern.CrouchForwardWalk,1pPlayer,14.26014
CommandPattern.Idle,2pPlayer,14.26014
CommandPattern.CrouchForwardWalk,1pPlayer,14.28014
CommandPattern.Idle,2pPlayer,14.28014
CommandPattern.CrouchForwardWalk,1pPlayer,14.30014
CommandPattern.Idle,2pPlayer,14.30014
CommandPattern.CrouchForwardWalk,1pPlayer,14.32014
CommandPattern.Idle,2pPlayer,14.32014
CommandPattern.CrouchForwardWalk,1pPlayer,14.34014
CommandPattern.Idle,2pPlayer,14.34014
CommandPattern.CrouchForwardWalk,1pPlayer,14.36014
CommandPattern.Idle,2pPlayer,14.36014
CommandPattern.CrouchForwardWalk,1pPlayer,14.38014
CommandPattern.Idle,2pPlayer,14.38014
CommandPattern.CrouchForwardWalk,1pPlayer,14.40014
CommandPattern.Idle,2pPlayer,14.40014
CommandPattern.CrouchForwardWalk,1pPlayer,14.42014
CommandPattern.Idle,2pPlayer,14.42014
CommandPattern.CrouchForwardWalk,1pPlayer,14.44014
CommandPattern.Idle,2pPlayer,14.44014
CommandPattern.CrouchForwardWalk,1pPlayer,14.46014
CommandPattern.Idle,2pPlayer,14.46014
CommandPattern.CrouchForwardWalk,1pPlayer,14.48014
CommandPattern.Idle,2pPlayer,14.48014
CommandPattern.CrouchForwardWalk,1pPlayer,14.50014
CommandPattern.Idle,2pPlayer,14.50014
CommandPattern.CrouchForwardWalk,1pPlayer,14.52014
CommandPattern.Idle,2pPlayer,14.52014
CommandPattern.CrouchForwardWalk,1pPlayer,14.54014
CommandPattern.Idle,2pPlayer,14.54014
CommandPattern.CrouchForwardWalk,1pPlayer,14.56014
CommandPattern.Idle,2pPlayer,14.56014
CommandPattern.CrouchForwardWalk,1pPlayer,14.58014
CommandPattern.Idle,2pPlayer,14.58014
CommandPattern.CrouchForwardWalk,1pPlayer,14.60014
CommandPattern.Idle,2pPlayer,14.60014
CommandPattern.CrouchForwardWalk,1pPlayer,14.62014
CommandPattern.Idle,2pPlayer,14.62014
CommandPattern.CrouchForwardWalk,1pPlayer,14.64015
CommandPattern.Idle,2pPlayer,14.64015
CommandPattern.CrouchForwardWalk,1pPlayer,14.66015
CommandPattern.Idle,2pPlayer,14.66015
CommandPattern.CrouchForwardWalk,1pPlayer,14.68015
CommandPattern.Idle,2pPlayer,14.68015
CommandPattern.CrouchForwardWalk,1pPlayer,14.70015
CommandPattern.Idle,2pPlayer,14.70015
CommandPattern.CrouchForwardWalk,1pPlayer,14.72015
CommandPattern.Idle,2pPlayer,14.72015
CommandPattern.CrouchForwardWalk,1pPlayer,14.74015
CommandPattern.Idle,2pPlayer,14.74015
CommandPattern.CrouchForwardWalk,1pPlayer,14.76015
CommandPattern.Idle,2pPlayer,14.76015
CommandPattern.CrouchForwardWalk,1pPlayer,14.78015
CommandPattern.Idle,2pPlayer,14.78015
CommandPattern.CrouchForwardWalk,1pPlayer,14.80015
CommandPattern.Idle,2pPlayer,14.80015
CommandPattern.CrouchForwardWalk,1pPlayer,14.82015
CommandPattern.Idle,2pPlayer,14.82015
CommandPattern.CrouchForwardWalk,1pPlayer,14.84015
CommandPattern.Idle,2pPlayer,14.84015
CommandPattern.CrouchForwardWalk,1pPlayer,14.86015
CommandPattern.Idle,2pPlayer,14.86015
CommandPattern.CrouchForwardWalk,1pPlayer,14.88015
CommandPattern.Idle,2pPlayer,14.88015
CommandPattern.CrouchForwardWalk,1pPlayer,14.90015
CommandPattern.Idle,2pPlayer,14.90015
CommandPattern.CrouchForwardWalk,1pPlayer,14.92015
CommandPattern.Idle,2pPlayer,14.92015
CommandPattern.CrouchForwardWalk,1pPlayer,14.94015
CommandPattern.Idle,2pPlayer,14.94015
CommandPattern.Crouch,1pPlayer,14.96015
CommandPattern.Idle,2pPlayer,14.96015
CommandPattern.Idle,1pPlayer,14.98015
CommandPattern.Idle,2pPlayer,14.98015
CommandPattern.Idle,1pPlayer,15.00015
CommandPattern.Idle,2pPlayer,15.00015
CommandPattern.Idle,1pPlayer,15.02015
CommandPattern.Idle,2pPlayer,15.02015
CommandPattern.Idle,1pPlayer,15.04015
CommandPattern.Idle,2pPlayer,15.04015
CommandPattern.Idle,1pPlayer,15.06015
CommandPattern.Idle,2pPlayer,15.06015
CommandPattern.Idle,1pPlayer,15.08016
CommandPattern.Idle,2pPlayer,15.08016
CommandPattern.Idle,1pPlayer,15.10016
CommandPattern.Idle,2pPlayer,15.10016
CommandPattern.Idle,1pPlayer,15.12016
CommandPattern.Idle,2pPlayer,15.12016
CommandPattern.Idle,1pPlayer,15.14016
CommandPattern.Idle,2pPlayer,15.14016
CommandPattern.Idle,1pPlayer,15.16016
CommandPattern.Idle,2pPlayer,15.16016
CommandPattern.Idle,1pPlayer,15.18016
CommandPattern.Idle,2pPlayer,15.18016
CommandPattern.Idle,1pPlayer,15.20016
CommandPattern.Idle,2pPlayer,15.20016
CommandPattern.Idle,1pPlayer,15.22016
CommandPattern.Idle,2pPlayer,15.22016
CommandPattern.Idle,1pPlayer,15.24016
CommandPattern.Idle,2pPlayer,15.24016
CommandPattern.Idle,1pPlayer,15.26016
CommandPattern.Idle,2pPlayer,15.26016
CommandPattern.Idle,1pPlayer,15.28016
CommandPattern.Idle,2pPlayer,15.28016
CommandPattern.Idle,1pPlayer,15.30016
CommandPattern.Idle,2pPlayer,15.30016
CommandPattern.Idle,1pPlayer,15.32016
CommandPattern.Idle,2pPlayer,15.32016
CommandPattern.Idle,1pPlayer,15.34016
CommandPattern.Idle,2pPlayer,15.34016
CommandPattern.Idle,1pPlayer,15.36016
CommandPattern.Idle,2pPlayer,15.36016
CommandPattern.Idle,1pPlayer,15.38016
CommandPattern.Idle,2pPlayer,15.38016
CommandPattern.Idle,1pPlayer,15.40016
CommandPattern.Idle,2pPlayer,15.40016
CommandPattern.Idle,1pPlayer,15.42016
CommandPattern.Idle,2pPlayer,15.42016
CommandPattern.Idle,1pPlayer,15.44016
CommandPattern.Idle,2pPlayer,15.44016
CommandPattern.Idle,1pPlayer,15.46016
CommandPattern.Idle,2pPlayer,15.46016
CommandPattern.Idle,1pPlayer,15.48016
CommandPattern.Idle,2pPlayer,15.48016
CommandPattern.Idle,1pPlayer,15.50016
CommandPattern.Idle,2pPlayer,15.50016
CommandPattern.Idle,1pPlayer,15.52017
CommandPattern.Idle,2pPlayer,15.52017
CommandPattern.Idle,1pPlayer,15.54017
CommandPattern.Idle,2pPlayer,15.54017
CommandPattern.Idle,1pPlayer,15.56017
CommandPattern.Idle,2pPlayer,15.56017
CommandPattern.Idle,1pPlayer,15.58017
CommandPattern.Idle,2pPlayer,15.58017
CommandPattern.Idle,1pPlayer,15.60017
CommandPattern.Idle,2pPlayer,15.60017
CommandPattern.Idle,1pPlayer,15.62017
CommandPattern.Idle,2pPlayer,15.62017
CommandPattern.Idle,1pPlayer,15.64017
CommandPattern.Idle,2pPlayer,15.64017
CommandPattern.Idle,1pPlayer,15.66017
CommandPattern.Idle,2pPlayer,15.66017
CommandPattern.Idle,1pPlayer,15.68017
CommandPattern.Idle,2pPlayer,15.68017
CommandPattern.Idle,1pPlayer,15.70017
CommandPattern.Idle,2pPlayer,15.70017
CommandPattern.Idle,1pPlayer,15.72017
CommandPattern.Idle,2pPlayer,15.72017
CommandPattern.Idle,1pPlayer,15.74017
CommandPattern.Idle,2pPlayer,15.74017
CommandPattern.Idle,1pPlayer,15.76017
CommandPattern.Idle,2pPlayer,15.76017
CommandPattern.Idle,1pPlayer,15.78017
CommandPattern.Idle,2pPlayer,15.78017
CommandPattern.Idle,1pPlayer,15.80017
CommandPattern.Idle,2pPlayer,15.80017
CommandPattern.Idle,1pPlayer,15.82017
CommandPattern.Idle,2pPlayer,15.82017
CommandPattern.Idle,1pPlayer,15.84017
CommandPattern.Idle,2pPlayer,15.84017
CommandPattern.Idle,1pPlayer,15.86017
CommandPattern.Idle,2pPlayer,15.86017
CommandPattern.Idle,1pPlayer,15.88017
CommandPattern.Idle,2pPlayer,15.88017
CommandPattern.Idle,1pPlayer,15.90017
CommandPattern.Idle,2pPlayer,15.90017
CommandPattern.Idle,1pPlayer,15.92017
CommandPattern.Idle,2pPlayer,15.92017
CommandPattern.Idle,1pPlayer,15.94018
CommandPattern.Idle,2pPlayer,15.94018
CommandPattern.Idle,1pPlayer,15.96018
CommandPattern.Idle,2pPlayer,15.96018
CommandPattern.Idle,1pPlayer,15.98018
CommandPattern.Idle,2pPlayer,15.98018
CommandPattern.Idle,1pPlayer,16.00018
CommandPattern.Idle,2pPlayer,16.00018
CommandPattern.Idle,1pPlayer,16.02018
CommandPattern.Idle,2pPlayer,16.02018
CommandPattern.Idle,1pPlayer,16.04018
CommandPattern.Idle,2pPlayer,16.04018
CommandPattern.Idle,1pPlayer,16.06018
CommandPattern.Idle,2pPlayer,16.06018
CommandPattern.Idle,1pPlayer,16.08018
CommandPattern.Idle,2pPlayer,16.08018
CommandPattern.Idle,1pPlayer,16.10018
CommandPattern.Idle,2pPlayer,16.10018
CommandPattern.Idle,1pPlayer,16.12018
CommandPattern.Idle,2pPlayer,16.12018
CommandPattern.Idle,1pPlayer,16.14018
CommandPattern.Idle,2pPlayer,16.14018
CommandPattern.Idle,1pPlayer,16.16018
CommandPattern.Idle,2pPlayer,16.16018
CommandPattern.Idle,1pPlayer,16.18018
CommandPattern.Idle,2pPlayer,16.18018
CommandPattern.Idle,1pPlayer,16.20018
CommandPattern.Idle,2pPlayer,16.20018
CommandPattern.Idle,1pPlayer,16.22018
CommandPattern.Idle,2pPlayer,16.22018
CommandPattern.Idle,1pPlayer,16.24018
CommandPattern.Idle,2pPlayer,16.24018
CommandPattern.Idle,1pPlayer,16.26018
CommandPattern.Idle,2pPlayer,16.26018
CommandPattern.Crouch,1pPlayer,16.28018
CommandPattern.Idle,2pPlayer,16.28018
CommandPattern.Crouch,1pPlayer,16.30018
CommandPattern.Idle,2pPlayer,16.30018
CommandPattern.Crouch,1pPlayer,16.32018
CommandPattern.Idle,2pPlayer,16.32018
CommandPattern.Crouch,1pPlayer,16.34018
CommandPattern.Idle,2pPlayer,16.34018
CommandPattern.Crouch,1pPlayer,16.36018
CommandPattern.Idle,2pPlayer,16.36018
CommandPattern.Crouch,1pPlayer,16.38018
CommandPattern.Idle,2pPlayer,16.38018
CommandPattern.Crouch,1pPlayer,16.40018
CommandPattern.Idle,2pPlayer,16.40018
CommandPattern.Crouch,1pPlayer,16.42019
CommandPattern.Idle,2pPlayer,16.42019
CommandPattern.Crouch,1pPlayer,16.44019
CommandPattern.Idle,2pPlayer,16.44019
CommandPattern.Crouch,1pPlayer,16.46019
CommandPattern.Idle,2pPlayer,16.46019
CommandPattern.Crouch,1pPlayer,16.48019
CommandPattern.Idle,2pPlayer,16.48019
CommandPattern.Crouch,1pPlayer,16.50019
CommandPattern.Idle,2pPlayer,16.50019
CommandPattern.Crouch,1pPlayer,16.52019
CommandPattern.Idle,2pPlayer,16.52019
CommandPattern.Crouch,1pPlayer,16.54019
CommandPattern.Idle,2pPlayer,16.54019
CommandPattern.Crouch,1pPlayer,16.56019
CommandPattern.Idle,2pPlayer,16.56019
CommandPattern.Crouch,1pPlayer,16.58019
CommandPattern.Idle,2pPlayer,16.58019
CommandPattern.Crouch,1pPlayer,16.60019
CommandPattern.Idle,2pPlayer,16.60019
CommandPattern.Crouch,1pPlayer,16.62019
CommandPattern.Idle,2pPlayer,16.62019
CommandPattern.Crouch,1pPlayer,16.64019
CommandPattern.Idle,2pPlayer,16.64019
CommandPattern.Crouch,1pPlayer,16.66019
CommandPattern.Idle,2pPlayer,16.66019
CommandPattern.Crouch,1pPlayer,16.68019
CommandPattern.Idle,2pPlayer,16.68019
CommandPattern.Crouch,1pPlayer,16.70019
CommandPattern.Idle,2pPlayer,16.70019
CommandPattern.Crouch,1pPlayer,16.72019
CommandPattern.Idle,2pPlayer,16.72019
CommandPattern.Crouch,1pPlayer,16.74019
CommandPattern.Idle,2pPlayer,16.74019
CommandPattern.Crouch,1pPlayer,16.76019
CommandPattern.Idle,2pPlayer,16.76019
CommandPattern.Crouch,1pPlayer,16.78019
CommandPattern.Idle,2pPlayer,16.78019
CommandPattern.Crouch,1pPlayer,16.80019
CommandPattern.Idle,2pPlayer,16.80019
CommandPattern.Crouch,1pPlayer,16.82019
CommandPattern.Idle,2pPlayer,16.82019
CommandPattern.Crouch,1pPlayer,16.84019
CommandPattern.Idle,2pPlayer,16.84019
CommandPattern.Crouch,1pPlayer,16.8602
CommandPattern.Idle,2pPlayer,16.8602
CommandPattern.Crouch,1pPlayer,16.8802
CommandPattern.Idle,2pPlayer,16.8802
CommandPattern.Crouch,1pPlayer,16.9002
CommandPattern.Idle,2pPlayer,16.9002
CommandPattern.Crouch,1pPlayer,16.9202
CommandPattern.Idle,2pPlayer,16.9202
CommandPattern.Crouch,1pPlayer,16.9402
CommandPattern.Idle,2pPlayer,16.9402
CommandPattern.Crouch,1pPlayer,16.9602
CommandPattern.Idle,2pPlayer,16.9602
CommandPattern.Crouch,1pPlayer,16.9802
CommandPattern.Idle,2pPlayer,16.9802
CommandPattern.Crouch,1pPlayer,17.0002
CommandPattern.Idle,2pPlayer,17.0002
CommandPattern.Crouch,1pPlayer,17.0202
CommandPattern.Idle,2pPlayer,17.0202
CommandPattern.Crouch,1pPlayer,17.0402
CommandPattern.Idle,2pPlayer,17.0402
CommandPattern.Crouch,1pPlayer,17.0602
CommandPattern.Idle,2pPlayer,17.0602
CommandPattern.Crouch,1pPlayer,17.0802
CommandPattern.Idle,2pPlayer,17.0802
CommandPattern.Crouch,1pPlayer,17.1002
CommandPattern.Idle,2pPlayer,17.1002
CommandPattern.Crouch,1pPlayer,17.1202
CommandPattern.Idle,2pPlayer,17.1202
CommandPattern.Crouch,1pPlayer,17.1402
CommandPattern.Idle,2pPlayer,17.1402
CommandPattern.Crouch,1pPlayer,17.1602
CommandPattern.Idle,2pPlayer,17.1602
CommandPattern.Crouch,1pPlayer,17.1802
CommandPattern.Idle,2pPlayer,17.1802
CommandPattern.Crouch,1pPlayer,17.2002
CommandPattern.Idle,2pPlayer,17.2002
CommandPattern.Crouch,1pPlayer,17.2202
CommandPattern.Idle,2pPlayer,17.2202
CommandPattern.Crouch,1pPlayer,17.2402
CommandPattern.Idle,2pPlayer,17.2402
CommandPattern.Crouch,1pPlayer,17.2602
CommandPattern.Idle,2pPlayer,17.2602
CommandPattern.Crouch,1pPlayer,17.2802
CommandPattern.Idle,2pPlayer,17.2802
CommandPattern.Crouch,1pPlayer,17.30021
CommandPattern.Idle,2pPlayer,17.30021
CommandPattern.Crouch,1pPlayer,17.32021
CommandPattern.Idle,2pPlayer,17.32021
CommandPattern.Crouch,1pPlayer,17.34021
CommandPattern.Idle,2pPlayer,17.34021
CommandPattern.Crouch,1pPlayer,17.36021
CommandPattern.Idle,2pPlayer,17.36021
CommandPattern.Idle,1pPlayer,17.38021
CommandPattern.Idle,2pPlayer,17.38021
CommandPattern.Idle,1pPlayer,17.40021
CommandPattern.Idle,2pPlayer,17.40021
CommandPattern.Idle,1pPlayer,17.42021
CommandPattern.Idle,2pPlayer,17.42021
CommandPattern.Idle,1pPlayer,17.44021
CommandPattern.Idle,2pPlayer,17.44021
CommandPattern.Idle,1pPlayer,17.46021
CommandPattern.Idle,2pPlayer,17.46021
CommandPattern.Idle,1pPlayer,17.48021
CommandPattern.Idle,2pPlayer,17.48021
CommandPattern.Idle,1pPlayer,17.50021
CommandPattern.Idle,2pPlayer,17.50021
CommandPattern.Idle,1pPlayer,17.52021
CommandPattern.Idle,2pPlayer,17.52021
CommandPattern.Idle,1pPlayer,17.54021
CommandPattern.Idle,2pPlayer,17.54021
CommandPattern.Idle,1pPlayer,17.56021
CommandPattern.Idle,2pPlayer,17.56021
CommandPattern.Idle,1pPlayer,17.58021
CommandPattern.Idle,2pPlayer,17.58021
CommandPattern.Idle,1pPlayer,17.60021
CommandPattern.Idle,2pPlayer,17.60021
CommandPattern.Idle,1pPlayer,17.62021
CommandPattern.Idle,2pPlayer,17.62021
CommandPattern.Idle,1pPlayer,17.64021
CommandPattern.Idle,2pPlayer,17.64021
CommandPattern.Idle,1pPlayer,17.66021
CommandPattern.Idle,2pPlayer,17.66021
CommandPattern.Idle,1pPlayer,17.68021
CommandPattern.Idle,2pPlayer,17.68021
CommandPattern.Idle,1pPlayer,17.70021
CommandPattern.Idle,2pPlayer,17.70021
CommandPattern.Idle,1pPlayer,17.72021
CommandPattern.Idle,2pPlayer,17.72021
CommandPattern.Idle,1pPlayer,17.74022
CommandPattern.Idle,2pPlayer,17.74022
CommandPattern.Idle,1pPlayer,17.76022
CommandPattern.Idle,2pPlayer,17.76022
CommandPattern.Idle,1pPlayer,17.78022
CommandPattern.Idle,2pPlayer,17.78022
CommandPattern.Idle,1pPlayer,17.80022
CommandPattern.Idle,2pPlayer,17.80022
CommandPattern.Idle,1pPlayer,17.82022
CommandPattern.Idle,2pPlayer,17.82022
CommandPattern.Idle,1pPlayer,17.84022
CommandPattern.Idle,2pPlayer,17.84022
CommandPattern.Idle,1pPlayer,17.86022
CommandPattern.Idle,2pPlayer,17.86022
CommandPattern.Idle,1pPlayer,17.88022
CommandPattern.Idle,2pPlayer,17.88022
CommandPattern.Idle,1pPlayer,17.90022
CommandPattern.Idle,2pPlayer,17.90022
CommandPattern.Idle,1pPlayer,17.92022
CommandPattern.Idle,2pPlayer,17.92022
CommandPattern.Idle,1pPlayer,17.94022
CommandPattern.Idle,2pPlayer,17.94022
CommandPattern.Idle,1pPlayer,17.96022
CommandPattern.Idle,2pPlayer,17.96022
CommandPattern.Idle,1pPlayer,17.98022
CommandPattern.Idle,2pPlayer,17.98022
CommandPattern.Idle,1pPlayer,18.00022
CommandPattern.Idle,2pPlayer,18.00022
CommandPattern.Idle,1pPlayer,18.02022
CommandPattern.Idle,2pPlayer,18.02022
CommandPattern.Idle,1pPlayer,18.04022
CommandPattern.Idle,2pPlayer,18.04022
CommandPattern.Idle,1pPlayer,18.06022
CommandPattern.Idle,2pPlayer,18.06022
CommandPattern.Idle,1pPlayer,18.08022
CommandPattern.Idle,2pPlayer,18.08022
CommandPattern.Idle,1pPlayer,18.10022
CommandPattern.Idle,2pPlayer,18.10022
CommandPattern.Idle,1pPlayer,18.12022
CommandPattern.Idle,2pPlayer,18.12022
CommandPattern.Idle,1pPlayer,18.14022
CommandPattern.Idle,2pPlayer,18.14022
CommandPattern.Idle,1pPlayer,18.16022
CommandPattern.Idle,2pPlayer,18.16022
CommandPattern.RightHighKick,1pPlayer,18.18023
CommandPattern.Idle,2pPlayer,18.18023
CommandPattern.Idle,1pPlayer,18.20023
CommandPattern.Idle,2pPlayer,18.20023
CommandPattern.Idle,1pPlayer,18.22023
CommandPattern.Idle,2pPlayer,18.22023
CommandPattern.Idle,1pPlayer,18.24023
CommandPattern.Idle,2pPlayer,18.24023
CommandPattern.Idle,1pPlayer,18.26023
CommandPattern.Idle,2pPlayer,18.26023
CommandPattern.Idle,1pPlayer,18.28023
CommandPattern.Idle,2pPlayer,18.28023
CommandPattern.Idle,1pPlayer,18.30023
CommandPattern.Idle,2pPlayer,18.30023
CommandPattern.Idle,1pPlayer,18.32023
CommandPattern.Idle,2pPlayer,18.32023
CommandPattern.Idle,1pPlayer,18.34023
CommandPattern.Idle,2pPlayer,18.34023
CommandPattern.Idle,1pPlayer,18.36023
CommandPattern.Idle,2pPlayer,18.36023
CommandPattern.Idle,1pPlayer,18.38023
CommandPattern.Idle,2pPlayer,18.38023
CommandPattern.Idle,1pPlayer,18.40023
CommandPattern.Idle,2pPlayer,18.40023
CommandPattern.Idle,1pPlayer,18.42023
CommandPattern.Idle,2pPlayer,18.42023
CommandPattern.Idle,1pPlayer,18.44023
CommandPattern.Idle,2pPlayer,18.44023
CommandPattern.Idle,1pPlayer,18.46023
CommandPattern.Idle,2pPlayer,18.46023
CommandPattern.Idle,1pPlayer,18.48023
CommandPattern.Idle,2pPlayer,18.48023
CommandPattern.Idle,1pPlayer,18.50023
CommandPattern.Idle,2pPlayer,18.50023
CommandPattern.Idle,1pPlayer,18.52023
CommandPattern.Idle,2pPlayer,18.52023
CommandPattern.Idle,1pPlayer,18.54023
CommandPattern.Idle,2pPlayer,18.54023
CommandPattern.Idle,1pPlayer,18.56023
CommandPattern.Idle,2pPlayer,18.56023
CommandPattern.Idle,1pPlayer,18.58023
CommandPattern.Idle,2pPlayer,18.58023
CommandPattern.Idle,1pPlayer,18.60023
CommandPattern.Idle,2pPlayer,18.60023
CommandPattern.Idle,1pPlayer,18.62024
CommandPattern.Idle,2pPlayer,18.62024
CommandPattern.Idle,1pPlayer,18.64024
CommandPattern.Idle,2pPlayer,18.64024
CommandPattern.Idle,1pPlayer,18.66024
CommandPattern.Idle,2pPlayer,18.66024
CommandPattern.Idle,1pPlayer,18.68024
CommandPattern.Idle,2pPlayer,18.68024
CommandPattern.Idle,1pPlayer,18.70024
CommandPattern.Idle,2pPlayer,18.70024
CommandPattern.Idle,1pPlayer,18.72024
CommandPattern.Idle,2pPlayer,18.72024
CommandPattern.Idle,1pPlayer,18.74024
CommandPattern.Idle,2pPlayer,18.74024
CommandPattern.Idle,1pPlayer,18.76024
CommandPattern.Idle,2pPlayer,18.76024
CommandPattern.Idle,1pPlayer,18.78024
CommandPattern.Idle,2pPlayer,18.78024
CommandPattern.Idle,1pPlayer,18.80024
CommandPattern.Idle,2pPlayer,18.80024
CommandPattern.Idle,1pPlayer,18.82024
CommandPattern.Idle,2pPlayer,18.82024
CommandPattern.Idle,1pPlayer,18.84024
CommandPattern.Idle,2pPlayer,18.84024
CommandPattern.Idle,1pPlayer,18.86024
CommandPattern.Idle,2pPlayer,18.86024
CommandPattern.Idle,1pPlayer,18.88024
CommandPattern.Idle,2pPlayer,18.88024
CommandPattern.Idle,1pPlayer,18.90024
CommandPattern.Idle,2pPlayer,18.90024
CommandPattern.Idle,1pPlayer,18.92024
CommandPattern.Idle,2pPlayer,18.92024
CommandPattern.Idle,1pPlayer,18.94024
CommandPattern.Idle,2pPlayer,18.94024
CommandPattern.Idle,1pPlayer,18.96024
CommandPattern.Idle,2pPlayer,18.96024
CommandPattern.Idle,1pPlayer,18.98024
CommandPattern.Idle,2pPlayer,18.98024
CommandPattern.Idle,1pPlayer,19.00024
CommandPattern.Idle,2pPlayer,19.00024
CommandPattern.Idle,1pPlayer,19.02024
CommandPattern.Idle,2pPlayer,19.02024
CommandPattern.Idle,1pPlayer,19.04025
CommandPattern.Idle,2pPlayer,19.04025
CommandPattern.Idle,1pPlayer,19.06025
CommandPattern.Idle,2pPlayer,19.06025
CommandPattern.Idle,1pPlayer,19.08025
CommandPattern.Idle,2pPlayer,19.08025
CommandPattern.Idle,1pPlayer,19.10025
CommandPattern.Idle,2pPlayer,19.10025
CommandPattern.Idle,1pPlayer,19.12025
CommandPattern.Idle,2pPlayer,19.12025
CommandPattern.Idle,1pPlayer,19.14025
CommandPattern.Idle,2pPlayer,19.14025
CommandPattern.Idle,1pPlayer,19.16025
CommandPattern.Idle,2pPlayer,19.16025
CommandPattern.Idle,1pPlayer,19.18025
CommandPattern.Idle,2pPlayer,19.18025
CommandPattern.Idle,1pPlayer,19.20025
CommandPattern.Idle,2pPlayer,19.20025
CommandPattern.Idle,1pPlayer,19.22025
CommandPattern.Idle,2pPlayer,19.22025
CommandPattern.Idle,1pPlayer,19.24025
CommandPattern.Idle,2pPlayer,19.24025
CommandPattern.Idle,1pPlayer,19.26025
CommandPattern.Idle,2pPlayer,19.26025
CommandPattern.Idle,1pPlayer,19.28025
CommandPattern.Idle,2pPlayer,19.28025
CommandPattern.Idle,1pPlayer,19.30025
CommandPattern.Idle,2pPlayer,19.30025
CommandPattern.Idle,1pPlayer,19.32025
CommandPattern.Idle,2pPlayer,19.32025
CommandPattern.Idle,1pPlayer,19.34025
CommandPattern.Idle,2pPlayer,19.34025
CommandPattern.Idle,1pPlayer,19.36025
CommandPattern.Idle,2pPlayer,19.36025
CommandPattern.Idle,1pPlayer,19.38025
CommandPattern.Idle,2pPlayer,19.38025
CommandPattern.Idle,1pPlayer,19.40025
CommandPattern.Idle,2pPlayer,19.40025
CommandPattern.Idle,1pPlayer,19.42025
CommandPattern.Idle,2pPlayer,19.42025
CommandPattern.Idle,1pPlayer,19.44025
CommandPattern.Idle,2pPlayer,19.44025
CommandPattern.Idle,1pPlayer,19.46025
CommandPattern.Idle,2pPlayer,19.46025
CommandPattern.Idle,1pPlayer,19.48026
CommandPattern.Idle,2pPlayer,19.48026
CommandPattern.Idle,1pPlayer,19.50026
CommandPattern.Idle,2pPlayer,19.50026
CommandPattern.Idle,1pPlayer,19.52026
CommandPattern.Idle,2pPlayer,19.52026
CommandPattern.Idle,1pPlayer,19.54026
CommandPattern.Idle,2pPlayer,19.54026
CommandPattern.Idle,1pPlayer,19.56026
CommandPattern.Idle,2pPlayer,19.56026
CommandPattern.Idle,1pPlayer,19.58026
CommandPattern.Idle,2pPlayer,19.58026
CommandPattern.Idle,1pPlayer,19.60026
CommandPattern.Idle,2pPlayer,19.60026
CommandPattern.Idle,1pPlayer,19.62026
CommandPattern.Idle,2pPlayer,19.62026
CommandPattern.Idle,1pPlayer,19.64026
CommandPattern.Idle,2pPlayer,19.64026
CommandPattern.Idle,1pPlayer,19.66026
CommandPattern.Idle,2pPlayer,19.66026
CommandPattern.Idle,1pPlayer,19.68026
CommandPattern.Idle,2pPlayer,19.68026
CommandPattern.Idle,1pPlayer,19.70026
CommandPattern.Idle,2pPlayer,19.70026
CommandPattern.Idle,1pPlayer,19.72026
CommandPattern.Idle,2pPlayer,19.72026
CommandPattern.Idle,1pPlayer,19.74026
CommandPattern.Idle,2pPlayer,19.74026
CommandPattern.Idle,1pPlayer,19.76026
CommandPattern.Idle,2pPlayer,19.76026
CommandPattern.Idle,1pPlayer,19.78026
CommandPattern.Idle,2pPlayer,19.78026
CommandPattern.Idle,1pPlayer,19.80026
CommandPattern.Idle,2pPlayer,19.80026
CommandPattern.Idle,1pPlayer,19.82026
CommandPattern.Idle,2pPlayer,19.82026
CommandPattern.Idle,1pPlayer,19.84026
CommandPattern.Idle,2pPlayer,19.84026
CommandPattern.Idle,1pPlayer,19.86026
CommandPattern.Idle,2pPlayer,19.86026
CommandPattern.Idle,1pPlayer,19.88026
CommandPattern.Idle,2pPlayer,19.88026
CommandPattern.Idle,1pPlayer,19.90026
CommandPattern.Idle,2pPlayer,19.90026
CommandPattern.Idle,1pPlayer,19.92027
CommandPattern.Idle,2pPlayer,19.92027
CommandPattern.Idle,1pPlayer,19.94027
CommandPattern.Idle,2pPlayer,19.94027
CommandPattern.Idle,1pPlayer,19.96027
CommandPattern.Idle,2pPlayer,19.96027
CommandPattern.Idle,1pPlayer,19.98027
CommandPattern.Idle,2pPlayer,19.98027
CommandPattern.Idle,1pPlayer,20.00027
CommandPattern.Idle,2pPlayer,20.00027
CommandPattern.Idle,1pPlayer,20.02027
CommandPattern.Idle,2pPlayer,20.02027
CommandPattern.Idle,1pPlayer,20.04027
CommandPattern.Idle,2pPlayer,20.04027
CommandPattern.Idle,1pPlayer,20.06027
CommandPattern.Idle,2pPlayer,20.06027
CommandPattern.LeftZap,1pPlayer,20.08027
CommandPattern.Idle,2pPlayer,20.08027
CommandPattern.Idle,1pPlayer,20.10027
CommandPattern.Idle,2pPlayer,20.10027
CommandPattern.Idle,1pPlayer,20.12027
CommandPattern.Idle,2pPlayer,20.12027
CommandPattern.Idle,1pPlayer,20.14027
CommandPattern.Idle,2pPlayer,20.14027
CommandPattern.Idle,1pPlayer,20.16027
CommandPattern.Idle,2pPlayer,20.16027
CommandPattern.Idle,1pPlayer,20.18027
CommandPattern.Idle,2pPlayer,20.18027
CommandPattern.Idle,1pPlayer,20.20027
CommandPattern.Idle,2pPlayer,20.20027
CommandPattern.Idle,1pPlayer,20.22027
CommandPattern.Idle,2pPlayer,20.22027
CommandPattern.Idle,1pPlayer,20.24027
CommandPattern.Idle,2pPlayer,20.24027
CommandPattern.Idle,1pPlayer,20.26027
CommandPattern.Idle,2pPlayer,20.26027
CommandPattern.Idle,1pPlayer,20.28027
CommandPattern.Idle,2pPlayer,20.28027
CommandPattern.Idle,1pPlayer,20.30027
CommandPattern.Idle,2pPlayer,20.30027
CommandPattern.Idle,1pPlayer,20.32027
CommandPattern.Idle,2pPlayer,20.32027
CommandPattern.Idle,1pPlayer,20.34027
CommandPattern.Idle,2pPlayer,20.34027
CommandPattern.Idle,1pPlayer,20.36028
CommandPattern.Idle,2pPlayer,20.36028
CommandPattern.Idle,1pPlayer,20.38028
CommandPattern.Idle,2pPlayer,20.38028
CommandPattern.Idle,1pPlayer,20.40028
CommandPattern.Idle,2pPlayer,20.40028
CommandPattern.Idle,1pPlayer,20.42028
CommandPattern.Idle,2pPlayer,20.42028
CommandPattern.Idle,1pPlayer,20.44028
CommandPattern.Idle,2pPlayer,20.44028
CommandPattern.Idle,1pPlayer,20.46028
CommandPattern.Idle,2pPlayer,20.46028
CommandPattern.Idle,1pPlayer,20.48028
CommandPattern.Idle,2pPlayer,20.48028
CommandPattern.Idle,1pPlayer,20.50028
CommandPattern.Idle,2pPlayer,20.50028
CommandPattern.Idle,1pPlayer,20.52028
CommandPattern.Idle,2pPlayer,20.52028
CommandPattern.Idle,1pPlayer,20.54028
CommandPattern.Idle,2pPlayer,20.54028
CommandPattern.Idle,1pPlayer,20.56028
CommandPattern.Idle,2pPlayer,20.56028
CommandPattern.Idle,1pPlayer,20.58028
CommandPattern.Idle,2pPlayer,20.58028
CommandPattern.Idle,1pPlayer,20.60028
CommandPattern.Idle,2pPlayer,20.60028
CommandPattern.Idle,1pPlayer,20.62028
CommandPattern.Idle,2pPlayer,20.62028
CommandPattern.Idle,1pPlayer,20.64028
CommandPattern.Idle,2pPlayer,20.64028
CommandPattern.Idle,1pPlayer,20.66028
CommandPattern.Idle,2pPlayer,20.66028
CommandPattern.Idle,1pPlayer,20.68028
CommandPattern.Idle,2pPlayer,20.68028
CommandPattern.Idle,1pPlayer,20.70028
CommandPattern.Idle,2pPlayer,20.70028
CommandPattern.Idle,1pPlayer,20.72028
CommandPattern.Idle,2pPlayer,20.72028
CommandPattern.Idle,1pPlayer,20.74028
CommandPattern.Idle,2pPlayer,20.74028
CommandPattern.Idle,1pPlayer,20.76028
CommandPattern.Idle,2pPlayer,20.76028
CommandPattern.Idle,1pPlayer,20.78028
CommandPattern.Idle,2pPlayer,20.78028
CommandPattern.Idle,1pPlayer,20.80029
CommandPattern.Idle,2pPlayer,20.80029
CommandPattern.Idle,1pPlayer,20.82029
CommandPattern.Idle,2pPlayer,20.82029
CommandPattern.Idle,1pPlayer,20.84029
CommandPattern.Idle,2pPlayer,20.84029
CommandPattern.Idle,1pPlayer,20.86029
CommandPattern.Idle,2pPlayer,20.86029
CommandPattern.Idle,1pPlayer,20.88029
CommandPattern.Idle,2pPlayer,20.88029
CommandPattern.Idle,1pPlayer,20.90029
CommandPattern.Idle,2pPlayer,20.90029
CommandPattern.Idle,1pPlayer,20.92029
CommandPattern.Idle,2pPlayer,20.92029
CommandPattern.Idle,1pPlayer,20.94029
CommandPattern.Idle,2pPlayer,20.94029
CommandPattern.Idle,1pPlayer,20.96029
CommandPattern.Idle,2pPlayer,20.96029
CommandPattern.Idle,1pPlayer,20.98029
CommandPattern.Idle,2pPlayer,20.98029
CommandPattern.Idle,1pPlayer,21.00029
CommandPattern.Idle,2pPlayer,21.00029
CommandPattern.Idle,1pPlayer,21.02029
CommandPattern.Idle,2pPlayer,21.02029
CommandPattern.LeftZap,1pPlayer,21.04029
CommandPattern.Idle,2pPlayer,21.04029
CommandPattern.Idle,1pPlayer,21.06029
CommandPattern.Idle,2pPlayer,21.06029
CommandPattern.Idle,1pPlayer,21.08029
CommandPattern.Idle,2pPlayer,21.08029
CommandPattern.Idle,1pPlayer,21.10029
CommandPattern.Idle,2pPlayer,21.10029
